Workbook

Sheet README
A1: DuroMax / DuroStar Home Backup Spec Sheet
A2: Source: duromaxpower.com, scraped Sept 23-24, 2026. Values are exactly as the website states them; blank = not listed.
A3: Purpose: the data source for the 3D Home Backup Power simulator. Each tab maps to one data set in the app.
A5: Tabs
A6: Generators - 33 current models (28 DuroMax, 5 DuroStar). Excluded as discontinued: XP5500X, XP15000EH, DS13000E, DS13000EH, DS4500DX, DS4000WGE. watts/amps/runtime per fuel, outlets, neutral type (from owner's manuals) and switch requirement, engine, dimensions, links.
A7: Compatibility - which inlet box, cord, transfer switch and interlock breaker go with each generator outlet. The Generators tab looks these up by formula.
A8: Transfer Switches - 19 Reliance manual switches and kits (circuits, amps, breakers, inlet required).
A9: Interlock Kits - 13 GenInterlock kits by panel brand/series, main breaker size, throw direction, backfeed breaker position.
A10: Inlet Boxes - 10 power inlet boxes (50A CS6375, 30A L14-30, 20A L14-20, 120V L5-30).
A11: Cords & Adapters - 29 generator cords, adapters and replacement plugs.
A12: Soft Starters (AirGo) - 8 AirGo products; soft starters cut motor start-up current (site claim: up to 70%) so central AC / heat pumps / well pumps can start on a portable generator.
A13: Connection Guide - summary of the Home Power Backup Installation article (interlock vs transfer switch vs extension cords), for the app's explainer screens.
... A20: - To add a product, copy a row and fill the same columns. Keep Model / SKU unique - the app uses it as the key.

Sheet Generators
A1: Identity | J1: Gasoline | P1: Propane | W1: Natural Gas | AC1: Outlets | AK1: Home Connection (calc) | AT1: Neutral / Transfer Switch | AZ1: Engine | BJ1: Generator | BU1: Features | BX1: Reference
A2: Brand | B2: Model | C2: Product Title | D2: Generator Type | E2: Fuel Config | F2: EFI | G2: Price (USD) | H2: Sales Status | I2: Home Backup Use | J2: Starting W | K2: Running W | L2: 120V A | M2: 240V A | N2: Run hr @25% | O2: Run hr @50% | P2: Starting W | Q2: Running W | R2: 120V A | S2: 240V A | T2: Run hr @25% | U2: Run hr @50% | V2: Runtime Tank Basis | W2: Starting W | X2: Running W | Y2: 120V A | Z2: 240V A | AA2: Pressure (in. WC) | AB2: BTU @ Full Load | AC2: 5-20R | AD2: L5-30R | AE2: TT-30R | AF2: L14-30R | AG2: 14-50R | AH2: USB | AI2: 12V DC | AJ2: GFCI | AK2: Best 240V Outlet | AL2: Outlet Limit (W) | AM2: Max to Panel - Gas (W) | AN2: Max to Panel - LP (W) | AO2: Max to Panel - NG (W) | AP2: Matching Inlet Box | AQ2: Matching Cord | AR2: Matching Transfer Switches | AS2: Interlock Setup | AT2: Neutral (as shipped) | AU2: DuroMax Unbond Instructions | AV2: Switch / Interlock Requirement | AW2: Evidence | AX2: Owner's Manual | AY2: Unbond Instructions URL | AZ2: Engine Type | BA2: cc | BB2: RPM | BC2: Start Type | BD2: Remote Start | BE2: Oil Type | BF2: Oil (fl oz) | BG2: CO Shutdown | BH2: EPA | BI2: CARB | BJ2: Voltage | BK2: Hz | BL2: THD | BM2: AVR | BN2: Battery | BO2: Tank (gal) | BP2: Dimensions (in) | BQ2: Dry Wt (lb) | BR2: Wet Wt (lb) | BS2: Noise (dB) | BT2: Warranty | BU2: Parallel | BV2: Transfer Switch Ready | BW2: ECO / Variable Idle | BX2: Included Accessories | BY2: Product URL | BZ2: Image URL | CA2: Scrape Notes
A3: DuroMax | B3: XP4850EH | C3: 4,850 Watt Dual Fuel Portable Generator | D3: Conventional open frame | E3: Dual Fuel | F3: No | G3: 549 | H3: Amazon exclusive | I3: Yes | J3: 4850 | K3: 3850 | L3: 32.08 | M3: 16.04 | N3: 23 | O3: 10 | P3: 4608 | Q3: 3658 | R3: 30.48 | S3: 15.24 | T3: 18 | U3: 9 | AC3: 2 | AD3: 0 | AE3: 0 | AF3: 1 | AG3: 0 | AH3: 0 | AI3: 1 | AJ3: Yes | AK3: =IF(N(AG3)>0,"14-50R (50A)",IF(N(AF3)>0,"L14-30R (30A)","None - 120V only")) -> L14-30R (30A) | AL3: =INDEX(Compatibility!$C$2:$C$5,MATCH(AK3,Compatibility!$A$2:$A$5,0)) -> 7200 | AM3: =IF(ISNUMBER(K3),MIN(K3,AL3),"") -> 3850 | AN3: =IF(ISNUMBER(Q3),MIN(Q3,AL3),"") -> 3658 | AO3: =IF(ISNUMBER(X3),MIN(X3,AL3),"") | AP3: =INDEX(Compatibility!$D$2:$D$5,MATCH(AK3,Compatibility!$A$2:$A$5,0)) -> PB30, PBN30 (30A L14-30 inlet) | AQ3: =INDEX(Compatibility!$E$2:$E$5,MATCH(AK3,Compatibility!$A$2:$A$5,0)) -> XP3010GC, XP3025GC, XP3050GC, PC3040 (L14-30P to L14-30R) | AR3: =INDEX(Compatibility!$F$2:$F$5,MATCH(AK3,Compatibility!$A$2:$A$5,0)) -> 30A / 6 circuit: 306A, R306A (outdoor), 306C, 306D, 306CRK (kit); 30A / 10 circuit: 310C, 310D, 310CRK (kit), R310A (outdoor), 310CDKN (kit) | AS3: =INDEX(Compatibility!$G$2:$G$5,MATCH(AK3,Compatibility!$A$2:$A$5,0)) -> 30A 2-pole backfeed breaker (panel brand) + GenInterlock kit for panel | AT3: Floating | AU3: No | AV3: =IF(I3<>"Yes","120V only - extension cords / furnace switch",IF(AT3="Floating","Floating neutral: standard 2-pole transfer switch or interlock kit as-is",IF(AT3="Bonded",IF(AU3="Yes","Bonded neutral: have an electrician remove the bond (DuroMax instructions) for 2-pole switch / interlock, or use a neutral-switching (3-pole) switch","Bonded neutral, no unbond instructions published: neutral-switching (3-pole) switch - confirm with DuroMax"),"Neutral not stated - confirm with DuroMax"))) -> Floating neutral: standard 2-pole transfer switch or interlock kit as-is | AW3: "Neutral System Floating" (manual p.68) | AX3: https://cdn.shopify.com/s/files/1/0613/1168/0689/files/XP4850eh_manual_revised10042022_WEB.pdf | AZ3: 4-Stroke OHV | BA3: 210 | BB3: 3600 | BC3: Electric (rocker switch), recoil | BE3: 10W-30 | BF3: 20.3 | BH3: Yes | BI3: No | BJ3: 120/240V | BK3: 60 | BM3: Yes | BN3: 12V SLA (included) | BO3: 4 | BP3: 25 L x 24 W x 21 H | BQ3: 122 | BR3: 132 | BS3: 69 | BT3: 3 Year | BX3: Wheel & handle kit, propane hose & regulator (full list not stated) | BY3: https://www.duromaxpower.com/products/duromax-xp4850eh-4850-watt-dual-fuel-hybrid-generator-w-electric-start | BZ3: https://cdn.shopify.com/s/files/1/0613/1168/0689/products/XP4850EH_1.png?v=1749582793 | CA3: CO shutdown not listed (only automatic low oil shutdown). '50 State Emissions: No'. 12V = '12V Post'. MX2 Power Boost. 'Available Exclusively At' Amazon; .js available=false. THD not listed.
A4: DuroMax | B4: XP5500HX | C4: 5,500 Watt Dual Fuel Portable HX Generator w/ CO Alert | D4: Conventional open frame | E4: Dual Fuel | F4: No | G4: 629 | H4: In stock | I4: Yes | J4: 5500 | K4: 4500 | L4: 37.5 | M4: 18.75 | N4: 19 | O4: 9 | P4: 5225 | Q4: 4275 | R4: 35.63 | S4: 17.81 | T4: 15 | U4: 8 | AC4: 2 | AD4: 0 | AE4: 0 | AF4: 1 | AG4: 0 | AH4: 2 | AI4: 0 | AJ4: Yes | AK4: =IF(N(AG4)>0,"14-50R (50A)",IF(N(AF4)>0,"L14-30R (30A)","None - 120V only")) -> L14-30R (30A) | AL4: =INDEX(Compatibility!$C$2:$C$5,MATCH(AK4,Compatibility!$A$2:$A$5,0)) -> 7200 | AM4: =IF(ISNUMBER(K4),MIN(K4,AL4),"") -> 4500 | AN4: =IF(ISNUMBER(Q4),MIN(Q4,AL4),"") -> 4275 | AO4: =IF(ISNUMBER(X4),MIN(X4,AL4),"") | AP4: =INDEX(Compatibility!$D$2:$D$5,MATCH(AK4,Compatibility!$A$2:$A$5,0)) -> PB30, PBN30 (30A L14-30 inlet) | AQ4: =INDEX(Compatibility!$E$2:$E$5,MATCH(AK4,Compatibility!$A$2:$A$5,0)) -> XP3010GC, XP3025GC, XP3050GC, PC3040 (L14-30P to L14-30R) | AR4: =INDEX(Compatibility!$F$2:$F$5,MATCH(AK4,Compatibility!$A$2:$A$5,0)) -> 30A / 6 circuit: 306A, R306A (outdoor), 306C, 306D, 306CRK (kit); 30A / 10 circuit: 310C, 310D, 310CRK (kit), R310A (outdoor), 310CDKN (kit) | AS4: =INDEX(Compatibility!$G$2:$G$5,MATCH(AK4,Compatibility!$A$2:$A$5,0)) -> 30A 2-pole backfeed breaker (panel brand) + GenInterlock kit for panel | AT4: Floating | AU4: No | AV4: =IF(I4<>"Yes","120V only - extension cords / furnace switch",IF(AT4="Floating","Floating neutral: standard 2-pole transfer switch or interlock kit as-is",IF(AT4="Bonded",IF(AU4="Yes","Bonded neutral: have an electrician remove the bond (DuroMax instructions) for 2-pole switch / interlock, or use a neutral-switching (3-pole) switch","Bonded neutral, no unbond instructions published: neutral-switching (3-pole) switch - confirm with DuroMax"),"Neutral not stated - confirm with DuroMax"))) -> Floating neutral: standard 2-pole transfer switch or interlock kit as-is | AW4: "Neutral System | Floating" (manual p.72) | AX4: https://cdn.shopify.com/s/files/1/0613/1168/0689/files/XP5500HX_manual_revised_12012023_CARB_EPA_WEB.pdf | AZ4: 4-Stroke OHV | BA4: 210 | BB4: 3600 | BC4: Electric (rocker switch), recoil, remote | BD4: Yes | BE4: 10W-30 | BF4: 20.3 | BG4: Yes | BH4: Yes | BI4: No | BJ4: 120/240V | BK4: 60 | BM4: Yes | BN4: 12V SLA (included) | BO4: 4 | BP4: 25 L x 23 W x 22 H | BQ4: 128 | BR4: 131 | BS4: 69 | BT4: 5 Year | BX4: XP5500HX Generator, oil funnel, spark plug wrench, tool set, wheel & handle kit, propane regulator, owner's manual | BY4: https://www.duromaxpower.com/products/5500-watt-7-5-hp-portable-gas-electric-start-generator-with-co-alert | BZ4: https://cdn.shopify.com/s/files/1/0613/1168/0689/files/XP5500HX_001.png?v=1749582918 | CA4: Compare-at $799. USB = 1 USB-A + 1 USB-C. THD not listed. Described as RV/home backup ready; no transfer-switch wording. Handle mentions 7.5 HP.
A5: DuroMax | B5: XP10000X | C5: 10,000 Watt Gasoline Portable Generator w/ CO Alert | D5: Conventional open frame | E5: Gasoline | F5: No | G5: 799 | H5: Sold out / unavailable | I5: Yes | J5: 10000 | K5: 8500 | L5: 70.83 | M5: 35.42 | N5: 22 | O5: 10 | AC5: 4 | AD5: 1 | AE5: 0 | AF5: 1 | AG5: 1 | AH5: 0 | AI5: 0 | AJ5: Yes | AK5: =IF(N(AG5)>0,"14-50R (50A)",IF(N(AF5)>0,"L14-30R (30A)","None - 120V only")) -> 14-50R (50A) | AL5: =INDEX(Compatibility!$C$2:$C$5,MATCH(AK5,Compatibility!$A$2:$A$5,0)) -> 12000 | AM5: =IF(ISNUMBER(K5),MIN(K5,AL5),"") -> 8500 | AN5: =IF(ISNUMBER(Q5),MIN(Q5,AL5),"") | AO5: =IF(ISNUMBER(X5),MIN(X5,AL5),"") | AP5: =INDEX(Compatibility!$D$2:$D$5,MATCH(AK5,Compatibility!$A$2:$A$5,0)) -> XP50PB, XP50PBN, PB50, PBN50 (50A CS6375 inlet) | AQ5: =INDEX(Compatibility!$E$2:$E$5,MATCH(AK5,Compatibility!$A$2:$A$5,0)) -> XP5015GC, XP5025GC, XP5050GC, PC5020-14, PC5025-14M (14-50P to CS6364) | AR5: =INDEX(Compatibility!$F$2:$F$5,MATCH(AK5,Compatibility!$A$2:$A$5,0)) -> 50A / 10 circuit: R510A (outdoor), A510C, 510C, 510D; 50A / 6 circuit: 506C | AS5: =INDEX(Compatibility!$G$2:$G$5,MATCH(AK5,Compatibility!$A$2:$A$5,0)) -> 50A 2-pole backfeed breaker (panel brand) + GenInterlock kit for panel | AT5: Floating | AU5: No | AV5: =IF(I5<>"Yes","120V only - extension cords / furnace switch",IF(AT5="Floating","Floating neutral: standard 2-pole transfer switch or interlock kit as-is",IF(AT5="Bonded",IF(AU5="Yes","Bonded neutral: have an electrician remove the bond (DuroMax instructions) for 2-pole switch / interlock, or use a neutral-switching (3-pole) switch","Bonded neutral, no unbond instructions published: neutral-switching (3-pole) switch - confirm with DuroMax"),"Neutral not stated - confirm with DuroMax"))) -> Floating neutral: standard 2-pole transfer switch or interlock kit as-is | AW5: "Neutral System Floating" (manual p.64) | AX5: https://cdn.shopify.com/s/files/1/0613/1168/0689/files/XP10000X_manual_revised_07152022_WEB.pdf?v=1658848035 | AZ5: 4-Stroke OHV | BA5: 420 | BB5: 3600 | BC5: Electric (rocker switch), recoil | BE5: 10W-30 | BF5: 37.2 | BG5: Yes | BH5: Yes | BI5: No | BJ5: 120/240V | BK5: 60 | BM5: Yes | BN5: 12V SLA (included) | BO5: 8.3 | BP5: 29 L x 30 W x 26 H | BQ5: 220 | BR5: 228 | BS5: 72 | BT5: 5 Year | BV5: Yes | BX5: Oil funnel, spark plug wrench, tool set, wheel & handle kit, owner's manual | BY5: https://www.duromaxpower.com/products/duromax-xp10000x-10-000-watt-439cc-gas-portable-generator-with-co-alert | BZ5: https://cdn.shopify.com/s/files/1/0613/1168/0689/files/XP10000X_001.jpg?v=1749582881 | CA5: Compare-at $1,199. Spec table says 420cc but URL handle says 439cc. '50 State Emissions: No' (CARB inferred false). Transfer switch-ready 50A outlet; digital multimeter, hour meter, fuel gauge. THD and remote start not listed. Page showed no stock status; .js available=false.
A6: DuroMax | B6: XP11500EH | C6: 11,500 Watt Dual Fuel Portable Generator | D6: Conventional open frame | E6: Dual Fuel | F6: No | G6: 1299 | H6: Amazon exclusive | I6: Yes | J6: 11500 | K6: 9000 | L6: 75 | M6: 37.5 | N6: 20 | O6: 8 | P6: 10925 | Q6: 8550 | R6: 71.25 | S6: 45.52 | T6: 15 | U6: 6 | AC6: 2 | AD6: 1 | AE6: 0 | AF6: 1 | AG6: 1 | AH6: 0 | AJ6: Yes | AK6: =IF(N(AG6)>0,"14-50R (50A)",IF(N(AF6)>0,"L14-30R (30A)","None - 120V only")) -> 14-50R (50A) | AL6: =INDEX(Compatibility!$C$2:$C$5,MATCH(AK6,Compatibility!$A$2:$A$5,0)) -> 12000 | AM6: =IF(ISNUMBER(K6),MIN(K6,AL6),"") -> 9000 | AN6: =IF(ISNUMBER(Q6),MIN(Q6,AL6),"") -> 8550 | AO6: =IF(ISNUMBER(X6),MIN(X6,AL6),"") | AP6: =INDEX(Compatibility!$D$2:$D$5,MATCH(AK6,Compatibility!$A$2:$A$5,0)) -> XP50PB, XP50PBN, PB50, PBN50 (50A CS6375 inlet) | AQ6: =INDEX(Compatibility!$E$2:$E$5,MATCH(AK6,Compatibility!$A$2:$A$5,0)) -> XP5015GC, XP5025GC, XP5050GC, PC5020-14, PC5025-14M (14-50P to CS6364) | AR6: =INDEX(Compatibility!$F$2:$F$5,MATCH(AK6,Compatibility!$A$2:$A$5,0)) -> 50A / 10 circuit: R510A (outdoor), A510C, 510C, 510D; 50A / 6 circuit: 506C | AS6: =INDEX(Compatibility!$G$2:$G$5,MATCH(AK6,Compatibility!$A$2:$A$5,0)) -> 50A 2-pole backfeed breaker (panel brand) + GenInterlock kit for panel | AT6: Floating | AU6: No | AV6: =IF(I6<>"Yes","120V only - extension cords / furnace switch",IF(AT6="Floating","Floating neutral: standard 2-pole transfer switch or interlock kit as-is",IF(AT6="Bonded",IF(AU6="Yes","Bonded neutral: have an electrician remove the bond (DuroMax instructions) for 2-pole switch / interlock, or use a neutral-switching (3-pole) switch","Bonded neutral, no unbond instructions published: neutral-switching (3-pole) switch - confirm with DuroMax"),"Neutral not stated - confirm with DuroMax"))) -> Floating neutral: standard 2-pole transfer switch or interlock kit as-is | AW6: "Neutral System Floating" (manual p.68) | AX6: https://cdn.shopify.com/s/files/1/0613/1168/0689/files/XP11500EH_manual_revised_07262022_WEB.pdf?v=1659652695 | AZ6: 4-Stroke OHV | BA6: 457 | BB6: 3600 | BC6: Electric (rocker switch), recoil | BE6: 10W-30 | BF6: 40.5 | BH6: Yes | BJ6: 120/240V | BK6: 60 | BM6: Yes | BN6: 12V SLA (included) | BO6: 8.3 | BP6: 29 L x 30 W x 26 H | BQ6: 224 | BR6: 238 | BS6: 74 | BT6: 3 Year parts and technical service | BX6: Wheel & handle kit, propane hose & regulator (full list not stated) | BY6: https://www.duromaxpower.com/products/duromax-xp11500eh-11500-watt-electric-start-dual-fuel-hybrid-portable-generator | BZ6: https://cdn.shopify.com/s/files/1/0613/1168/0689/products/XP11500EH_1.png?v=1749582880 | CA6: LP 240V amps stated as 45.52 (likely site typo; 8550W/240V = 35.6) - recorded as stated. CO shutdown not listed (only automatic low oil shutdown). CARB/THD/12V not listed. Page says 'Available Exclusively At' Amazon; .js available=false. RV/home backup ready; digital multimeter, fuel gauge.
A7: DuroMax | B7: XP13000HXT | C7: 13,000 Watt Tri Fuel Portable HXT Generator w/ CO Alert | D7: Conventional open frame | E7: Tri Fuel | F7: No | G7: 1499 | H7: In stock | I7: Yes | J7: 13000 | K7: 10500 | L7: 87.5 | M7: 43.75 | N7: 17 | O7: 8.5 | P7: 12500 | Q7: 10000 | R7: 79.16 | S7: 39.58 | T7: 13 | U7: 6.5 | W7: 11250 | X7: 9000 | Y7: 70.83 | Z7: 35.42 | AA7: 6.0-9.0 | AB7: 225000 | AC7: 4 | AD7: 1 | AE7: 0 | AF7: 1 | AG7: 1 | AH7: 0 | AI7: 0 | AJ7: Yes | AK7: =IF(N(AG7)>0,"14-50R (50A)",IF(N(AF7)>0,"L14-30R (30A)","None - 120V only")) -> 14-50R (50A) | AL7: =INDEX(Compatibility!$C$2:$C$5,MATCH(AK7,Compatibility!$A$2:$A$5,0)) -> 12000 | AM7: =IF(ISNUMBER(K7),MIN(K7,AL7),"") -> 10500 | AN7: =IF(ISNUMBER(Q7),MIN(Q7,AL7),"") -> 10000 | AO7: =IF(ISNUMBER(X7),MIN(X7,AL7),"") -> 9000 | AP7: =INDEX(Compatibility!$D$2:$D$5,MATCH(AK7,Compatibility!$A$2:$A$5,0)) -> XP50PB, XP50PBN, PB50, PBN50 (50A CS6375 inlet) | AQ7: =INDEX(Compatibility!$E$2:$E$5,MATCH(AK7,Compatibility!$A$2:$A$5,0)) -> XP5015GC, XP5025GC, XP5050GC, PC5020-14, PC5025-14M (14-50P to CS6364) | AR7: =INDEX(Compatibility!$F$2:$F$5,MATCH(AK7,Compatibility!$A$2:$A$5,0)) -> 50A / 10 circuit: R510A (outdoor), A510C, 510C, 510D; 50A / 6 circuit: 506C | AS7: =INDEX(Compatibility!$G$2:$G$5,MATCH(AK7,Compatibility!$A$2:$A$5,0)) -> 50A 2-pole backfeed breaker (panel brand) + GenInterlock kit for panel | AT7: Floating | AU7: No | AV7: =IF(I7<>"Yes","120V only - extension cords / furnace switch",IF(AT7="Floating","Floating neutral: standard 2-pole transfer switch or interlock kit as-is",IF(AT7="Bonded",IF(AU7="Yes","Bonded neutral: have an electrician remove the bond (DuroMax instructions) for 2-pole switch / interlock, or use a neutral-switching (3-pole) switch","Bonded neutral, no unbond instructions published: neutral-switching (3-pole) switch - confirm with DuroMax"),"Neutral not stated - confirm with DuroMax"))) -> Floating neutral: standard 2-pole transfer switch or interlock kit as-is | AW7: "Neutral System Floating" (manual p.80) | AX7: https://cdn.shopify.com/s/files/1/0613/1168/0689/files/XP13000HXT_manual_revised_02072025_WEB.pdf?v=1755815346 | AZ7: 4-Stroke OHV | BA7: 500 | BB7: 3600 | BC7: Push button electric start, recoil backup | BD7: Yes | BE7: 10W-30 | BF7: 40.5 | BG7: Yes | BH7: Yes | BI7: No | BJ7: 120/240V | BK7: 60 | BL7: <5% | BM7: Yes | BN7: 12V SLA (included) | BO7: 8.3 | BP7: 30 L x 29 W x 26 H | BQ7: 240 | BR7: 246 | BS7: 74 | BT7: 5 Year parts and technical service | BX7: Generator, oil funnel, spark plug wrench, tool set, wheel & handle kit, 15ft natural gas hose, propane regulator, remote control, owner's manual | BY7: https://www.duromaxpower.com/products/duromax-xp13000hxt-13000-watt-500cc-tri-fuel-gas-propane-natural-gas-portable-generator-with-co-alert | BZ7: https://cdn.shopify.com/s/files/1/0613/1168/0689/files/XP13000HXT_001_d1629492-0800-4e8e-ab99-6ed654584d11.png?v=1775171669 | CA7: Compare-at $2,199. 'Home Backup Ready'; no explicit transfer-switch-ready spec (FAQ recommends transfer switch/interlock). LP 120V amps 79.16 differs from XP13000HX (83.13) for same wattage - as stated on site. Parallel/ECO not listed.
A8: DuroMax | B8: XP13000HX | C8: 13,000 Watt Dual Fuel Portable HX Generator w/ CO Alert | D8: Conventional open frame | E8: Dual Fuel | F8: No | G8: 1399 | H8: In stock | I8: Yes | J8: 13000 | K8: 10500 | L8: 87.5 | M8: 43.75 | N8: 17 | O8: 8.5 | P8: 12500 | Q8: 10000 | R8: 83.13 | S8: 41.56 | T8: 13 | U8: 6.5 | AC8: 4 | AD8: 1 | AE8: 0 | AF8: 1 | AG8: 1 | AH8: 0 | AI8: 0 | AJ8: Yes | AK8: =IF(N(AG8)>0,"14-50R (50A)",IF(N(AF8)>0,"L14-30R (30A)","None - 120V only")) -> 14-50R (50A) | AL8: =INDEX(Compatibility!$C$2:$C$5,MATCH(AK8,Compatibility!$A$2:$A$5,0)) -> 12000 | AM8: =IF(ISNUMBER(K8),MIN(K8,AL8),"") -> 10500 | AN8: =IF(ISNUMBER(Q8),MIN(Q8,AL8),"") -> 10000 | AO8: =IF(ISNUMBER(X8),MIN(X8,AL8),"") | AP8: =INDEX(Compatibility!$D$2:$D$5,MATCH(AK8,Compatibility!$A$2:$A$5,0)) -> XP50PB, XP50PBN, PB50, PBN50 (50A CS6375 inlet) | AQ8: =INDEX(Compatibility!$E$2:$E$5,MATCH(AK8,Compatibility!$A$2:$A$5,0)) -> XP5015GC, XP5025GC, XP5050GC, PC5020-14, PC5025-14M (14-50P to CS6364) | AR8: =INDEX(Compatibility!$F$2:$F$5,MATCH(AK8,Compatibility!$A$2:$A$5,0)) -> 50A / 10 circuit: R510A (outdoor), A510C, 510C, 510D; 50A / 6 circuit: 506C | AS8: =INDEX(Compatibility!$G$2:$G$5,MATCH(AK8,Compatibility!$A$2:$A$5,0)) -> 50A 2-pole backfeed breaker (panel brand) + GenInterlock kit for panel | AT8: Floating | AU8: No | AV8: =IF(I8<>"Yes","120V only - extension cords / furnace switch",IF(AT8="Floating","Floating neutral: standard 2-pole transfer switch or interlock kit as-is",IF(AT8="Bonded",IF(AU8="Yes","Bonded neutral: have an electrician remove the bond (DuroMax instructions) for 2-pole switch / interlock, or use a neutral-switching (3-pole) switch","Bonded neutral, no unbond instructions published: neutral-switching (3-pole) switch - confirm with DuroMax"),"Neutral not stated - confirm with DuroMax"))) -> Floating neutral: standard 2-pole transfer switch or interlock kit as-is | AW8: "Neutral System Floating" (manual p.68) | AX8: https://cdn.shopify.com/s/files/1/0613/1168/0689/files/XP13000HX_manual_revised_09162022_WEB.pdf?v=1663372666 | AZ8: 4-Stroke OHV | BA8: 500 | BB8: 3600 | BC8: Push button electric start, recoil backup | BD8: No | BE8: 10W-30 | BF8: 40.5 | BG8: Yes | BH8: Yes | BI8: No | BJ8: 120/240V | BK8: 60 | BL8: <5% | BM8: Yes | BN8: 12V SLA (included) | BO8: 8.3 | BP8: 30 L x 29 W x 26 H | BQ8: 240 | BR8: 246 | BS8: 74 | BT8: 5 Year parts and technical service | BX8: Generator, oil funnel, spark plug wrench, tool set, wheel & handle kit, propane regulator, owner's manual | BY8: https://www.duromaxpower.com/products/13000-watt-18-hp-portable-gas-electric-start-generator-with-co-alert | BZ8: https://cdn.shopify.com/s/files/1/0613/1168/0689/files/XP13000HX_001_52f77030-00ba-469f-9e97-22f772b348eb.png?v=1771880002 | CA8: Compare-at $1,799. Spec table: 'Remote Start No'. 'Home Backup Ready'; no explicit transfer-switch-ready spec row. Handle mentions 18 HP. Parallel/ECO not listed.
A9: DuroMax | B9: XP13000EH | C9: 13,000 Watt Dual Fuel Portable Generator | D9: Conventional open frame | E9: Dual Fuel | F9: No | G9: 1299 | H9: Sold out / unavailable | I9: Yes | J9: 13000 | K9: 10500 | L9: 87.5 | M9: 43.75 | N9: 17 | O9: 8 | P9: 12500 | Q9: 10000 | R9: 83.13 | S9: 41.56 | T9: 13 | U9: 6 | AC9: 2 | AD9: 1 | AE9: 0 | AF9: 1 | AG9: 1 | AH9: 0 | AI9: 1 | AJ9: Yes | AK9: =IF(N(AG9)>0,"14-50R (50A)",IF(N(AF9)>0,"L14-30R (30A)","None - 120V only")) -> 14-50R (50A) | AL9: =INDEX(Compatibility!$C$2:$C$5,MATCH(AK9,Compatibility!$A$2:$A$5,0)) -> 12000 | AM9: =IF(ISNUMBER(K9),MIN(K9,AL9),"") -> 10500 | AN9: =IF(ISNUMBER(Q9),MIN(Q9,AL9),"") -> 10000 | AO9: =IF(ISNUMBER(X9),MIN(X9,AL9),"") | AP9: =INDEX(Compatibility!$D$2:$D$5,MATCH(AK9,Compatibility!$A$2:$A$5,0)) -> XP50PB, XP50PBN, PB50, PBN50 (50A CS6375 inlet) | AQ9: =INDEX(Compatibility!$E$2:$E$5,MATCH(AK9,Compatibility!$A$2:$A$5,0)) -> XP5015GC, XP5025GC, XP5050GC, PC5020-14, PC5025-14M (14-50P to CS6364) | AR9: =INDEX(Compatibility!$F$2:$F$5,MATCH(AK9,Compatibility!$A$2:$A$5,0)) -> 50A / 10 circuit: R510A (outdoor), A510C, 510C, 510D; 50A / 6 circuit: 506C | AS9: =INDEX(Compatibility!$G$2:$G$5,MATCH(AK9,Compatibility!$A$2:$A$5,0)) -> 50A 2-pole backfeed breaker (panel brand) + GenInterlock kit for panel | AT9: Floating | AU9: No | AV9: =IF(I9<>"Yes","120V only - extension cords / furnace switch",IF(AT9="Floating","Floating neutral: standard 2-pole transfer switch or interlock kit as-is",IF(AT9="Bonded",IF(AU9="Yes","Bonded neutral: have an electrician remove the bond (DuroMax instructions) for 2-pole switch / interlock, or use a neutral-switching (3-pole) switch","Bonded neutral, no unbond instructions published: neutral-switching (3-pole) switch - confirm with DuroMax"),"Neutral not stated - confirm with DuroMax"))) -> Floating neutral: standard 2-pole transfer switch or interlock kit as-is | AW9: "Neutral System Floating" (manual p.68) | AX9: https://cdn.shopify.com/s/files/1/0613/1168/0689/files/XP13000EH_manual_rev06172022_WEB.pdf?v=1656093569 | AZ9: 4-Stroke OHV | BA9: 500 | BB9: 3600 | BC9: Push button electric start, recoil, remote | BD9: Yes | BE9: 10W-30 | BF9: 40.5 | BG9: Yes | BH9: Yes | BI9: No | BJ9: 120/240V | BK9: 60 | BM9: Yes | BN9: 12V SLA (included) | BO9: 8.3 | BP9: 29 L x 30 W x 26 H | BQ9: 234 | BR9: 248 | BS9: 74 | BT9: 3 Year parts and technical service | BV9: Yes | BX9: Generator, oil funnel, spark plug wrench, tool set, wheel & handle kit, propane hose & regulator, owner's manual | BY9: https://www.duromaxpower.com/products/duromax-xp13000eh-13000-watt-portable-hybrid-gas-propane-generator | BZ9: https://cdn.shopify.com/s/files/1/0613/1168/0689/products/XP13000EH_1.png?v=1749582853 | CA9: Compare-at $1,699. Page shows 'Sold Out'. 12V = '12v Automotive' outlet. Transfer switch-ready 50A outlet. THD not listed.
A10: DuroMax | B10: XP15500HXT | C10: 15,500 Watt Tri Fuel Portable HXT Generator w/ CO Alert | D10: Conventional open frame | E10: Tri Fuel | F10: No | G10: 2599 | H10: In stock | I10: Yes | J10: 15500 | K10: 12000 | L10: 100 | M10: 50 | N10: 15.8 | O10: 10.5 | P10: 14500 | Q10: 11500 | R10: 95.83 | S10: 47.92 | T10: 25.2 | U10: 10.8 | V10: 60 lb | W10: 13000 | X10: 10500 | Y10: 87.5 | Z10: 43.75 | AA10: 6-9 | AB10: 278000 | AC10: 4 | AF10: 1 | AG10: 2 | AJ10: Yes | AK10: =IF(N(AG10)>0,"14-50R (50A)",IF(N(AF10)>0,"L14-30R (30A)","None - 120V only")) -> 14-50R (50A) | AL10: =INDEX(Compatibility!$C$2:$C$5,MATCH(AK10,Compatibility!$A$2:$A$5,0)) -> 12000 | AM10: =IF(ISNUMBER(K10),MIN(K10,AL10),"") -> 12000 | AN10: =IF(ISNUMBER(Q10),MIN(Q10,AL10),"") -> 11500 | AO10: =IF(ISNUMBER(X10),MIN(X10,AL10),"") -> 10500 | AP10: =INDEX(Compatibility!$D$2:$D$5,MATCH(AK10,Compatibility!$A$2:$A$5,0)) -> XP50PB, XP50PBN, PB50, PBN50 (50A CS6375 inlet) | AQ10: =INDEX(Compatibility!$E$2:$E$5,MATCH(AK10,Compatibility!$A$2:$A$5,0)) -> XP5015GC, XP5025GC, XP5050GC, PC5020-14, PC5025-14M (14-50P to CS6364) | AR10: =INDEX(Compatibility!$F$2:$F$5,MATCH(AK10,Compatibility!$A$2:$A$5,0)) -> 50A / 10 circuit: R510A (outdoor), A510C, 510C, 510D; 50A / 6 circuit: 506C | AS10: =INDEX(Compatibility!$G$2:$G$5,MATCH(AK10,Compatibility!$A$2:$A$5,0)) -> 50A 2-pole backfeed breaker (panel brand) + GenInterlock kit for panel | AT10: Floating | AU10: No | AV10: =IF(I10<>"Yes","120V only - extension cords / furnace switch",IF(AT10="Floating","Floating neutral: standard 2-pole transfer switch or interlock kit as-is",IF(AT10="Bonded",IF(AU10="Yes","Bonded neutral: have an electrician remove the bond (DuroMax instructions) for 2-pole switch / interlock, or use a neutral-switching (3-pole) switch","Bonded neutral, no unbond instructions published: neutral-switching (3-pole) switch - confirm with DuroMax"),"Neutral not stated - confirm with DuroMax"))) -> Floating neutral: standard 2-pole transfer switch or interlock kit as-is | AW10: Floating - confirmed by DuroMax (Eddie), Sept 2026 | AZ10: 4-Stroke OHV | BA10: 550 | BB10: 3600 RPM ±100 RPM | BC10: Electric/Recoil/Remote | BD10: Yes | BE10: 10W-30 | BF10: 43.96 | BG10: Yes | BH10: Yes | BI10: No | BJ10: 120/240V | BK10: 60 | BL10: <5% | BN10: 12V AGM | BO10: 11.9 | BP10: 31" L x 28.25" W x 28.25" H | BQ10: 269 | BS10: 77 | BT10: 5 Year parts and technical service warranty | BV10: Yes | BW10: No | BX10: Generator, oil funnel, spark plug wrench, tool set, wheel kit, battery tender cord, natural gas hose, propane regulator, remote control, manual | BY10: https://www.duromaxpower.com/products/duromax-15500-watt-tri-fuel-portable-hxt-generator-w-co-alert | BZ10: https://cdn.shopify.com/s/files/1/0613/1168/0689/files/XP15500HXT_001.jpg?v=1789610380 | CA10: Compare-at $2,999. LP runtimes on 60 lb tank. '50 State Compliant No'/'Not For Sale to California'. Package weight 279.4 lbs. Idle Control No. Carburetor. Cast iron sleeve, copper windings, RV Ready. AVR/parallel not stated. Accessories list paraphrased by fetch tool.
A11: DuroMax | B11: XP15500HX | C11: 15,500 Watt Dual Fuel Portable HX Generator w/ CO Alert | D11: Conventional open frame | E11: Dual Fuel | F11: No | G11: 2299 | H11: In stock | I11: Yes | J11: 15500 | K11: 12000 | L11: 100 | M11: 50 | N11: 15.8 | O11: 10.5 | P11: 14500 | Q11: 11500 | R11: 95.8 | S11: 47.9 | T11: 25.2 | U11: 10.8 | V11: 60 lb | AC11: 4 | AF11: 1 | AG11: 2 | AJ11: Yes | AK11: =IF(N(AG11)>0,"14-50R (50A)",IF(N(AF11)>0,"L14-30R (30A)","None - 120V only")) -> 14-50R (50A) | AL11: =INDEX(Compatibility!$C$2:$C$5,MATCH(AK11,Compatibility!$A$2:$A$5,0)) -> 12000 | AM11: =IF(ISNUMBER(K11),MIN(K11,AL11),"") -> 12000 | AN11: =IF(ISNUMBER(Q11),MIN(Q11,AL11),"") -> 11500 | AO11: =IF(ISNUMBER(X11),MIN(X11,AL11),"") | AP11: =INDEX(Compatibility!$D$2:$D$5,MATCH(AK11,Compatibility!$A$2:$A$5,0)) -> XP50PB, XP50PBN, PB50, PBN50 (50A CS6375 inlet) | AQ11: =INDEX(Compatibility!$E$2:$E$5,MATCH(AK11,Compatibility!$A$2:$A$5,0)) -> XP5015GC, XP5025GC, XP5050GC, PC5020-14, PC5025-14M (14-50P to CS6364) | AR11: =INDEX(Compatibility!$F$2:$F$5,MATCH(AK11,Compatibility!$A$2:$A$5,0)) -> 50A / 10 circuit: R510A (outdoor), A510C, 510C, 510D; 50A / 6 circuit: 506C | AS11: =INDEX(Compatibility!$G$2:$G$5,MATCH(AK11,Compatibility!$A$2:$A$5,0)) -> 50A 2-pole backfeed breaker (panel brand) + GenInterlock kit for panel | AT11: Floating | AU11: No | AV11: =IF(I11<>"Yes","120V only - extension cords / furnace switch",IF(AT11="Floating","Floating neutral: standard 2-pole transfer switch or interlock kit as-is",IF(AT11="Bonded",IF(AU11="Yes","Bonded neutral: have an electrician remove the bond (DuroMax instructions) for 2-pole switch / interlock, or use a neutral-switching (3-pole) switch","Bonded neutral, no unbond instructions published: neutral-switching (3-pole) switch - confirm with DuroMax"),"Neutral not stated - confirm with DuroMax"))) -> Floating neutral: standard 2-pole transfer switch or interlock kit as-is | AW11: Floating - confirmed by DuroMax (Eddie), Sept 2026 | AZ11: 4-Stroke OHV | BA11: 550 | BB11: 3600 RPM ±100 RPM | BC11: Electric/Recoil/Remote | BD11: Yes | BE11: 10W-30 | BF11: 43.96 | BG11: Yes | BH11: Yes | BI11: No | BJ11: 120/240V | BK11: 60 | BL11: <5% | BN11: 12V AGM | BO11: 11.9 | BP11: 31" L x 29" W x 28.75" H | BQ11: 269 | BS11: 77 | BT11: 5 Year parts and technical service warranty | BV11: Yes | BW11: No | BX11: XP15500HX Generator, Oil Funnel, Spark Plug Wrench, Tool Set, Remote Control, Battery Tender Cord, Propane Regulator, Wheel & Handle Kit, and Owner's Manual | BY11: https://www.duromaxpower.com/products/duromax-15500-watt-dual-fuel-portable-hx-generator-w-co-alert | BZ11: https://cdn.shopify.com/s/files/1/0613/1168/0689/files/XP17500HX_001_420214b7-6bcd-4b7b-8495-f81ceed44982.jpg?v=1789608991 | CA11: 'Launch Exclusive Pricing' $2,299, compare-at $2,699. First image file is named XP17500HX (site reuses image). LP runtimes on 60 lb tank. 'Not For Sale to California'. Package weight 279.4 lbs. Idle Control No. Carburetor. AVR/parallel not stated. Dimensions differ slightly from XP15500HXT (29 in W vs 28.25 in).
A12: DuroMax | B12: XP15000HXT+ | C12: 15,000 Watt Electric Start Tri Fuel EFI Portable Generator | D12: Conventional open frame | E12: Tri Fuel | F12: Yes | G12: 3499 | H12: In stock | I12: Yes | J12: 15000 | K12: 12000 | L12: 100 | M12: 50 | N12: 17.9 | O12: 12 | P12: 14250 | Q12: 11400 | R12: 95 | S12: 47.5 | T12: 25 | U12: 13 | V12: 60 lb | W12: 13000 | X12: 10500 | Y12: 85.5 | Z12: 43.75 | AA12: 6.0-9.0 | AB12: 278000 | AC12: 4 | AD12: 0 | AF12: 0 | AG12: 2 | AJ12: Yes | AK12: =IF(N(AG12)>0,"14-50R (50A)",IF(N(AF12)>0,"L14-30R (30A)","None - 120V only")) -> 14-50R (50A) | AL12: =INDEX(Compatibility!$C$2:$C$5,MATCH(AK12,Compatibility!$A$2:$A$5,0)) -> 12000 | AM12: =IF(ISNUMBER(K12),MIN(K12,AL12),"") -> 12000 | AN12: =IF(ISNUMBER(Q12),MIN(Q12,AL12),"") -> 11400 | AO12: =IF(ISNUMBER(X12),MIN(X12,AL12),"") -> 10500 | AP12: =INDEX(Compatibility!$D$2:$D$5,MATCH(AK12,Compatibility!$A$2:$A$5,0)) -> XP50PB, XP50PBN, PB50, PBN50 (50A CS6375 inlet) | AQ12: =INDEX(Compatibility!$E$2:$E$5,MATCH(AK12,Compatibility!$A$2:$A$5,0)) -> XP5015GC, XP5025GC, XP5050GC, PC5020-14, PC5025-14M (14-50P to CS6364) | AR12: =INDEX(Compatibility!$F$2:$F$5,MATCH(AK12,Compatibility!$A$2:$A$5,0)) -> 50A / 10 circuit: R510A (outdoor), A510C, 510C, 510D; 50A / 6 circuit: 506C | AS12: =INDEX(Compatibility!$G$2:$G$5,MATCH(AK12,Compatibility!$A$2:$A$5,0)) -> 50A 2-pole backfeed breaker (panel brand) + GenInterlock kit for panel | AT12: Bonded | AU12: No | AV12: =IF(I12<>"Yes","120V only - extension cords / furnace switch",IF(AT12="Floating","Floating neutral: standard 2-pole transfer switch or interlock kit as-is",IF(AT12="Bonded",IF(AU12="Yes","Bonded neutral: have an electrician remove the bond (DuroMax instructions) for 2-pole switch / interlock, or use a neutral-switching (3-pole) switch","Bonded neutral, no unbond instructions published: neutral-switching (3-pole) switch - confirm with DuroMax"),"Neutral not stated - confirm with DuroMax"))) -> Bonded neutral, no unbond instructions published: neutral-switching (3-pole) switch - confirm with DuroMax | AW12: "Neutral System Bonded" (manual p.80) | AX12: https://cdn.shopify.com/s/files/1/0613/1168/0689/files/XP15000HXT__manual_03042025_WEB_1.pdf?v=1755808459 | AZ12: 4-Stroke OHV | BA12: 500 | BB12: 3600 RPM +/- 100 RPM | BC12: Push Button Electric/Recoil/Remote | BD12: Yes | BE12: 10W-30 | BF12: 37.2 | BG12: Yes | BH12: Yes | BI12: Yes | BJ12: 120/240V | BK12: 60 | BL12: <5% | BM12: Yes | BN12: 12V AGM | BO12: 8.3 | BP12: 29.5" L x 28" W x 26" H | BQ12: 237 | BS12: 74 | BT12: 5 Year parts and technical service warranty | BV12: Yes | BX12: Oil Funnel, Spark Plug Wrench, Tool Set, Wheel & Handle Kit, 25-Foot x 1/2-Inch Natural Gas Hose, Propane Regulator, Remote Control, Battery Tender | BY12: https://www.duromaxpower.com/products/duromax-15-000-watt-electric-start-tri-fuel-efi-portable-generator | BZ12: https://cdn.shopify.com/s/files/1/0613/1168/0689/files/XP15000HXT__001_Hero_3.png?v=1749582372 | CA12: Compare-at $3,799. EPA and CARB certified, 50 State Emissions Yes. Packaged weight 245 lbs (no wet weight). GFCI outlets 4. LP runtimes on 60 lb tank. NG 120V amps listed as 85.5 (inconsistent with 10,500W/120V=87.5; recorded as stated). Idle/eco and parallel not stated.
A13: DuroMax | B13: XP15000HX+ | C13: 15,000 Watt Electric Start Dual Fuel EFI Portable Generator | D13: Conventional open frame | E13: Dual Fuel | F13: Yes | G13: 2899 | H13: In stock | I13: Yes | J13: 15000 | K13: 12000 | L13: 100 | M13: 50 | N13: 17.9 | O13: 10 | P13: 14250 | Q13: 11400 | R13: 95 | S13: 47.5 | T13: 25 | U13: 13 | V13: 60 lb | AC13: 4 | AD13: 0 | AF13: 0 | AG13: 2 | AJ13: Yes | AK13: =IF(N(AG13)>0,"14-50R (50A)",IF(N(AF13)>0,"L14-30R (30A)","None - 120V only")) -> 14-50R (50A) | AL13: =INDEX(Compatibility!$C$2:$C$5,MATCH(AK13,Compatibility!$A$2:$A$5,0)) -> 12000 | AM13: =IF(ISNUMBER(K13),MIN(K13,AL13),"") -> 12000 | AN13: =IF(ISNUMBER(Q13),MIN(Q13,AL13),"") -> 11400 | AO13: =IF(ISNUMBER(X13),MIN(X13,AL13),"") | AP13: =INDEX(Compatibility!$D$2:$D$5,MATCH(AK13,Compatibility!$A$2:$A$5,0)) -> XP50PB, XP50PBN, PB50, PBN50 (50A CS6375 inlet) | AQ13: =INDEX(Compatibility!$E$2:$E$5,MATCH(AK13,Compatibility!$A$2:$A$5,0)) -> XP5015GC, XP5025GC, XP5050GC, PC5020-14, PC5025-14M (14-50P to CS6364) | AR13: =INDEX(Compatibility!$F$2:$F$5,MATCH(AK13,Compatibility!$A$2:$A$5,0)) -> 50A / 10 circuit: R510A (outdoor), A510C, 510C, 510D; 50A / 6 circuit: 506C | AS13: =INDEX(Compatibility!$G$2:$G$5,MATCH(AK13,Compatibility!$A$2:$A$5,0)) -> 50A 2-pole backfeed breaker (panel brand) + GenInterlock kit for panel | AT13: Bonded | AU13: Yes | AV13: =IF(I13<>"Yes","120V only - extension cords / furnace switch",IF(AT13="Floating","Floating neutral: standard 2-pole transfer switch or interlock kit as-is",IF(AT13="Bonded",IF(AU13="Yes","Bonded neutral: have an electrician remove the bond (DuroMax instructions) for 2-pole switch / interlock, or use a neutral-switching (3-pole) switch","Bonded neutral, no unbond instructions published: neutral-switching (3-pole) switch - confirm with DuroMax"),"Neutral not stated - confirm with DuroMax"))) -> Bonded neutral: have an electrician remove the bond (DuroMax instructions) for 2-pole switch / interlock, or use a neutral-switching (3-pole) switch | AW13: "Neutral System Bonded" (manual p.74) | AX13: https://cdn.shopify.com/s/files/1/0613/1168/0689/files/XP15000HX__manual_08272025_WEB.pdf?v=1756401571 | AY13: https://cdn.shopify.com/s/files/1/0613/1168/0689/files/XP15000HX__Remove_Bond_Instructions_WEB.pdf?v=1761163937 | AZ13: 4-Stroke OHV | BA13: 500 | BB13: 3600 RPM +/- 100 RPM | BC13: Push Button Electric/Recoil/Remote | BD13: Yes | BE13: 10W-30 | BF13: 37.2 | BG13: Yes | BH13: Yes | BI13: Yes | BJ13: 120/240V | BK13: 60 | BL13: <5% | BM13: Yes | BN13: 12V AGM | BO13: 8.3 | BP13: 29.5" L x 28" W x 26" H | BQ13: 237 | BS13: 74 | BT13: 5 Year parts and technical service warranty | BV13: Yes | BX13: Oil Funnel, Spark Plug Wrench, Tool Set, Wheel & Handle Kit, Propane Regulator, Remote Control, Battery Tender | BY13: https://www.duromaxpower.com/products/duromax-xp15000hx-15-000-watt-electric-start-dual-fuel-efi-portable-generator | BZ13: https://cdn.shopify.com/s/files/1/0613/1168/0689/files/XP15000HX__001.png?v=1754082484 | CA13: Page mentions sale from $3,299 (compare-at not in JSON fetch). Gas runtime @50% stated as 10 hrs (HXT+ sibling says 12 hrs; confirmed on re-fetch). EPA and CARB certified, 50 State Emissions Yes. Packaged weight 245 lbs. GFCI outlets 4. LP runtimes on 60 lb tank. Idle/eco and parallel not stated.
A14: DuroMax | B14: XP15000HXT | C14: 15,000 Watt Electric Start Tri Fuel Portable Generator | D14: Conventional open frame | E14: Tri Fuel | F14: No | G14: 2599 | H14: In stock | I14: Yes | J14: 15000 | K14: 12000 | L14: 100 | M14: 50 | N14: 17.9 | O14: 12 | P14: 14250 | Q14: 11400 | R14: 95 | S14: 47.5 | T14: 12.5 | U14: 8.5 | V14: 60 lb | W14: 12825 | X14: 10260 | Y14: 85.5 | Z14: 42.75 | AA14: 6.0-9.0 | AB14: 278000 | AC14: 10 | AD14: 1 | AF14: 1 | AG14: 1 | AJ14: Yes | AK14: =IF(N(AG14)>0,"14-50R (50A)",IF(N(AF14)>0,"L14-30R (30A)","None - 120V only")) -> 14-50R (50A) | AL14: =INDEX(Compatibility!$C$2:$C$5,MATCH(AK14,Compatibility!$A$2:$A$5,0)) -> 12000 | AM14: =IF(ISNUMBER(K14),MIN(K14,AL14),"") -> 12000 | AN14: =IF(ISNUMBER(Q14),MIN(Q14,AL14),"") -> 11400 | AO14: =IF(ISNUMBER(X14),MIN(X14,AL14),"") -> 10260 | AP14: =INDEX(Compatibility!$D$2:$D$5,MATCH(AK14,Compatibility!$A$2:$A$5,0)) -> XP50PB, XP50PBN, PB50, PBN50 (50A CS6375 inlet) | AQ14: =INDEX(Compatibility!$E$2:$E$5,MATCH(AK14,Compatibility!$A$2:$A$5,0)) -> XP5015GC, XP5025GC, XP5050GC, PC5020-14, PC5025-14M (14-50P to CS6364) | AR14: =INDEX(Compatibility!$F$2:$F$5,MATCH(AK14,Compatibility!$A$2:$A$5,0)) -> 50A / 10 circuit: R510A (outdoor), A510C, 510C, 510D; 50A / 6 circuit: 506C | AS14: =INDEX(Compatibility!$G$2:$G$5,MATCH(AK14,Compatibility!$A$2:$A$5,0)) -> 50A 2-pole backfeed breaker (panel brand) + GenInterlock kit for panel | AT14: Bonded | AU14: Yes | AV14: =IF(I14<>"Yes","120V only - extension cords / furnace switch",IF(AT14="Floating","Floating neutral: standard 2-pole transfer switch or interlock kit as-is",IF(AT14="Bonded",IF(AU14="Yes","Bonded neutral: have an electrician remove the bond (DuroMax instructions) for 2-pole switch / interlock, or use a neutral-switching (3-pole) switch","Bonded neutral, no unbond instructions published: neutral-switching (3-pole) switch - confirm with DuroMax"),"Neutral not stated - confirm with DuroMax"))) -> Bonded neutral: have an electrician remove the bond (DuroMax instructions) for 2-pole switch / interlock, or use a neutral-switching (3-pole) switch | AW14: "Neutral System Bonded" (manual p.80) | AX14: https://cdn.shopify.com/s/files/1/0613/1168/0689/files/XP15000HXT_manual_02072025_WEB.pdf?v=1755815346 | AY14: https://cdn.shopify.com/s/files/1/0613/1168/0689/files/XP15000HXT_Remove_Bond_Instructions.pdf?v=1786147971 | AZ14: 4-Stroke OHV | BA14: 670 | BB14: 3600 RPM ±100 RPM | BC14: Push Button Electric/Recoil/Remote | BD14: Yes | BE14: 10W-30 | BF14: 57.5 | BG14: Yes | BH14: Yes | BI14: No | BJ14: 120/240V | BK14: 60 | BL14: <5% | BM14: Yes | BN14: 12V AGM | BO14: 13.2 | BP14: 36" L x 33.2" W x 32" H | BQ14: 362 | BS14: 78 | BT14: 5 Year parts and technical service warranty | BV14: Yes | BX14: Generator, oil funnel, spark plug wrench, tool set, wheel & handle kit, 15-Foot x 3/4-Inch Natural Gas Hose, propane regulator, remote control, manual | BY14: https://www.duromaxpower.com/products/duromax-xp15000hxt-15-000-watt-electric-start-tri-fuel-portable-generator | BZ14: https://cdn.shopify.com/s/files/1/0613/1168/0689/files/XP15000HXT_001.jpg?v=1749582562 | CA14: Compare-at $2,999. CARB Certified No, 50 State Compliant No. Packaged weight 421 lbs. GFCI outlets 4. LP runtimes 12.5/8.5 hrs with 60 lb minimum tank. Carburetor. Idle Control spec reads 'Idle Control No Load Low Idle' - ambiguous (may mean feature is 'No Load Low Idle'), eco_mode left null. All metal construction, copper windings, RV Ready. Parallel not stated. Accessory list paraphrased by fetch tool.
A15: DuroMax | B15: XP15000HX | C15: 15,000 Watt Electric Start Dual Fuel Portable Generator | D15: Conventional open frame | E15: Dual Fuel | F15: No | G15: 2499 | H15: In stock | I15: Yes | J15: 15000 | K15: 12000 | L15: 100 | M15: 50 | N15: 17.9 | O15: 12 | P15: 14250 | Q15: 11400 | R15: 95 | S15: 47.5 | T15: 12.5 | U15: 8.5 | AC15: 10 | AD15: 1 | AF15: 1 | AG15: 1 | AJ15: Yes | AK15: =IF(N(AG15)>0,"14-50R (50A)",IF(N(AF15)>0,"L14-30R (30A)","None - 120V only")) -> 14-50R (50A) | AL15: =INDEX(Compatibility!$C$2:$C$5,MATCH(AK15,Compatibility!$A$2:$A$5,0)) -> 12000 | AM15: =IF(ISNUMBER(K15),MIN(K15,AL15),"") -> 12000 | AN15: =IF(ISNUMBER(Q15),MIN(Q15,AL15),"") -> 11400 | AO15: =IF(ISNUMBER(X15),MIN(X15,AL15),"") | AP15: =INDEX(Compatibility!$D$2:$D$5,MATCH(AK15,Compatibility!$A$2:$A$5,0)) -> XP50PB, XP50PBN, PB50, PBN50 (50A CS6375 inlet) | AQ15: =INDEX(Compatibility!$E$2:$E$5,MATCH(AK15,Compatibility!$A$2:$A$5,0)) -> XP5015GC, XP5025GC, XP5050GC, PC5020-14, PC5025-14M (14-50P to CS6364) | AR15: =INDEX(Compatibility!$F$2:$F$5,MATCH(AK15,Compatibility!$A$2:$A$5,0)) -> 50A / 10 circuit: R510A (outdoor), A510C, 510C, 510D; 50A / 6 circuit: 506C | AS15: =INDEX(Compatibility!$G$2:$G$5,MATCH(AK15,Compatibility!$A$2:$A$5,0)) -> 50A 2-pole backfeed breaker (panel brand) + GenInterlock kit for panel | AT15: Bonded | AU15: Yes | AV15: =IF(I15<>"Yes","120V only - extension cords / furnace switch",IF(AT15="Floating","Floating neutral: standard 2-pole transfer switch or interlock kit as-is",IF(AT15="Bonded",IF(AU15="Yes","Bonded neutral: have an electrician remove the bond (DuroMax instructions) for 2-pole switch / interlock, or use a neutral-switching (3-pole) switch","Bonded neutral, no unbond instructions published: neutral-switching (3-pole) switch - confirm with DuroMax"),"Neutral not stated - confirm with DuroMax"))) -> Bonded neutral: have an electrician remove the bond (DuroMax instructions) for 2-pole switch / interlock, or use a neutral-switching (3-pole) switch | AW15: "Neutral System Bonded" (manual p.74) | AX15: https://cdn.shopify.com/s/files/1/0613/1168/0689/files/XP15000HX_manual_12012023_EPA_CARB_version_WEB.pdf | AY15: https://cdn.shopify.com/s/files/1/0613/1168/0689/files/XP15000HX_Remove_Bond_Instructions.pdf?v=1786148129 | AZ15: 4-Stroke OHV | BA15: 670 | BB15: 3600 RPM ±100 RPM | BC15: Push Button Electric/Recoil/Remote | BD15: Yes | BE15: 10W-30 | BF15: 57.5 | BG15: Yes | BH15: Yes | BI15: No | BJ15: 120/240V | BL15: <5% | BM15: Yes | BN15: 12V AGM | BO15: 13.2 | BP15: 36" L x 33.2" W x 32" H | BQ15: 345 | BS15: 78 | BT15: 5 Year parts and technical service warranty | BV15: Yes | BX15: XP13000HX Generator Oil Funnel Spark Plug Wrench Tool Set Wheel & Handle Kit Propane Regulator Owner's Manual | BY15: https://www.duromaxpower.com/products/duromax-xp15000hx-15-000-watt-electric-start-dual-fuel-portable-generator | BZ15: https://cdn.shopify.com/s/files/1/0613/1168/0689/files/XP15000HX_001_f4c2fb68-68cc-4216-aac6-e6e023c75aaf.jpg?v=1749582565 | CA15: No compare-at price. Frequency not stated on page (null). CARB Certified No, 50 State Compliant No. Packaged weight 404 lbs. GFCI outlets 4. Mentions 'transfer switch-ready 50 amp outlet'. Accessories list verbatim says 'XP13000HX Generator' (site typo) and omits remote, though another fetch said remote control included and remote start is listed. Idle Control spec 'No Load Low Idle' ambiguous -> eco_mode null. Parallel not stated.
A16: DuroMax | B16: XP17500HXT | C16: 17,500 Watt Tri Fuel Portable HXT Generator w/ CO Alert | D16: Conventional open frame | E16: Tri Fuel | F16: No | G16: 2999 | H16: In stock | I16: Yes | J16: 17500 | K16: 13750 | L16: 114.6 | M16: 57.3 | N16: 15 | O16: 10 | P16: 16500 | Q16: 13000 | R16: 108.3 | S16: 54.2 | T16: 24 | U16: 10.3 | V16: 60 lb | W16: 14500 | X16: 11750 | Y16: 97.92 | Z16: 48.96 | AA16: 6-9 | AB16: 300000 | AC16: 4 | AF16: 1 | AG16: 2 | AJ16: Yes | AK16: =IF(N(AG16)>0,"14-50R (50A)",IF(N(AF16)>0,"L14-30R (30A)","None - 120V only")) -> 14-50R (50A) | AL16: =INDEX(Compatibility!$C$2:$C$5,MATCH(AK16,Compatibility!$A$2:$A$5,0)) -> 12000 | AM16: =IF(ISNUMBER(K16),MIN(K16,AL16),"") -> 12000 | AN16: =IF(ISNUMBER(Q16),MIN(Q16,AL16),"") -> 12000 | AO16: =IF(ISNUMBER(X16),MIN(X16,AL16),"") -> 11750 | AP16: =INDEX(Compatibility!$D$2:$D$5,MATCH(AK16,Compatibility!$A$2:$A$5,0)) -> XP50PB, XP50PBN, PB50, PBN50 (50A CS6375 inlet) | AQ16: =INDEX(Compatibility!$E$2:$E$5,MATCH(AK16,Compatibility!$A$2:$A$5,0)) -> XP5015GC, XP5025GC, XP5050GC, PC5020-14, PC5025-14M (14-50P to CS6364) | AR16: =INDEX(Compatibility!$F$2:$F$5,MATCH(AK16,Compatibility!$A$2:$A$5,0)) -> 50A / 10 circuit: R510A (outdoor), A510C, 510C, 510D; 50A / 6 circuit: 506C | AS16: =INDEX(Compatibility!$G$2:$G$5,MATCH(AK16,Compatibility!$A$2:$A$5,0)) -> 50A 2-pole backfeed breaker (panel brand) + GenInterlock kit for panel | AT16: Floating | AU16: No | AV16: =IF(I16<>"Yes","120V only - extension cords / furnace switch",IF(AT16="Floating","Floating neutral: standard 2-pole transfer switch or interlock kit as-is",IF(AT16="Bonded",IF(AU16="Yes","Bonded neutral: have an electrician remove the bond (DuroMax instructions) for 2-pole switch / interlock, or use a neutral-switching (3-pole) switch","Bonded neutral, no unbond instructions published: neutral-switching (3-pole) switch - confirm with DuroMax"),"Neutral not stated - confirm with DuroMax"))) -> Floating neutral: standard 2-pole transfer switch or interlock kit as-is | AW16: Floating - confirmed by DuroMax (Eddie), Sept 2026 | AZ16: 4-Stroke OHV | BA16: 600 | BB16: 3600 RPM ±100 RPM | BC16: Electric/Recoil/Remote | BD16: Yes | BE16: 10W-30 | BF16: 43.96 | BG16: Yes | BH16: Yes | BI16: No | BJ16: 120/240V | BK16: 60 | BL16: <5% | BN16: 12V AGM | BO16: 11.9 | BP16: 31" L x 28" W x 28.75" H | BQ16: 269 | BS16: 77 | BT16: 5 Year parts and technical service warranty | BV16: Yes | BW16: No | BX16: Propane Hose and Regulator, Natural Gas Hose with Quick Connect, Quick Pin Wheel Kit, Oil Funnel, Spark Plug Wrench, Remote Control, Battery Tender, Tool Set, Owner's Manual | BY16: https://www.duromaxpower.com/products/duromax-17500-watt-tri-fuel-portable-hxt-generator-w-co-alert | BZ16: https://cdn.shopify.com/s/files/1/0613/1168/0689/files/XP17500HXT_001_7a0b6916-e040-4c11-8814-ea1d1273ef6c.jpg?v=1789581239 | CA16: Compare-at $3,499. LP runtimes on 60 lb tank. 'Not For Sale to California'. Package weight 279.4 lbs (no wet weight listed). Idle Control No. Fuel delivery: Carburetor. Copper windings. AVR not stated. GFCI Yes (count not stated). Parallel: one fetch summary said 'parallel-ready (kits sold separately)' but a targeted re-fetch found it not stated in specs -> null, verify. L5-30R not listed.
A17: DuroMax | B17: XP17500HX | C17: 17,500 Watt Dual Fuel Portable HX Generator w/ CO Alert | D17: Conventional open frame | E17: Dual Fuel | F17: No | G17: 2699 | H17: In stock | I17: Yes | J17: 17500 | K17: 13750 | L17: 114.6 | M17: 57.3 | N17: 15 | O17: 10 | P17: 16500 | Q17: 13000 | R17: 108.3 | S17: 54.2 | T17: 24 | U17: 10.3 | V17: 60 lb | AC17: 4 | AF17: 1 | AG17: 2 | AJ17: Yes | AK17: =IF(N(AG17)>0,"14-50R (50A)",IF(N(AF17)>0,"L14-30R (30A)","None - 120V only")) -> 14-50R (50A) | AL17: =INDEX(Compatibility!$C$2:$C$5,MATCH(AK17,Compatibility!$A$2:$A$5,0)) -> 12000 | AM17: =IF(ISNUMBER(K17),MIN(K17,AL17),"") -> 12000 | AN17: =IF(ISNUMBER(Q17),MIN(Q17,AL17),"") -> 12000 | AO17: =IF(ISNUMBER(X17),MIN(X17,AL17),"") | AP17: =INDEX(Compatibility!$D$2:$D$5,MATCH(AK17,Compatibility!$A$2:$A$5,0)) -> XP50PB, XP50PBN, PB50, PBN50 (50A CS6375 inlet) | AQ17: =INDEX(Compatibility!$E$2:$E$5,MATCH(AK17,Compatibility!$A$2:$A$5,0)) -> XP5015GC, XP5025GC, XP5050GC, PC5020-14, PC5025-14M (14-50P to CS6364) | AR17: =INDEX(Compatibility!$F$2:$F$5,MATCH(AK17,Compatibility!$A$2:$A$5,0)) -> 50A / 10 circuit: R510A (outdoor), A510C, 510C, 510D; 50A / 6 circuit: 506C | AS17: =INDEX(Compatibility!$G$2:$G$5,MATCH(AK17,Compatibility!$A$2:$A$5,0)) -> 50A 2-pole backfeed breaker (panel brand) + GenInterlock kit for panel | AT17: Floating | AU17: No | AV17: =IF(I17<>"Yes","120V only - extension cords / furnace switch",IF(AT17="Floating","Floating neutral: standard 2-pole transfer switch or interlock kit as-is",IF(AT17="Bonded",IF(AU17="Yes","Bonded neutral: have an electrician remove the bond (DuroMax instructions) for 2-pole switch / interlock, or use a neutral-switching (3-pole) switch","Bonded neutral, no unbond instructions published: neutral-switching (3-pole) switch - confirm with DuroMax"),"Neutral not stated - confirm with DuroMax"))) -> Floating neutral: standard 2-pole transfer switch or interlock kit as-is | AW17: Floating - confirmed by DuroMax (Eddie), Sept 2026 | AZ17: 4-Stroke OHV | BA17: 600 | BB17: 3600 RPM ±100 RPM | BC17: Electric/Recoil/Remote | BD17: Yes | BE17: 10W-30 | BF17: 43.96 | BG17: Yes | BH17: Yes | BI17: No | BJ17: 120/240V | BK17: 60 | BL17: <5% | BN17: 12V AGM | BO17: 11.9 | BP17: 31" L x 28" W x 28.75" H | BQ17: 269 | BS17: 77 | BT17: 5 Year parts and technical service warranty | BV17: Yes | BW17: No | BX17: XP17500HX Generator, Oil Funnel, Spark Plug Wrench, Tool Set, Remote Control, Battery Tender Cord, Propane Regulator, Wheel & Handle Kit, and Owner's Manual | BY17: https://www.duromaxpower.com/products/duromax-17500-watt-dual-fuel-portable-hx-generator-w-co-alert | BZ17: https://cdn.shopify.com/s/files/1/0613/1168/0689/files/XP17500HX_001.jpg?v=1789581305 | CA17: No compare-at price. LP runtimes on 60 lb tank. 'Not For Sale to California'. Package weight 279.4 lbs. Idle Control No. Carburetor. RV Ready. AVR not stated. GFCI Yes (count not stated). Parallel not stated in specs (page mentions parallel kits sold separately as accessories).
A18: DuroMax | B18: XP2300iH | C18: 2,300 Watt Portable Dual Fuel Inverter Generator - Quiet, Low THD | D18: Inverter | E18: Dual Fuel | F18: No | G18: 649 | H18: In stock | I18: No (120V only) | J18: 2300 | K18: 1800 | L18: 15 | N18: 13 | O18: 7 | P18: 2150 | Q18: 1700 | R18: 14.16 | T18: 38 | U18: 18 | V18: 20 lb | AC18: 2 | AD18: 1 | AE18: 0 | AF18: 0 | AG18: 0 | AH18: 2 | AI18: 0 | AK18: =IF(N(AG18)>0,"14-50R (50A)",IF(N(AF18)>0,"L14-30R (30A)","None - 120V only")) -> None - 120V only | AL18: =INDEX(Compatibility!$C$2:$C$5,MATCH(AK18,Compatibility!$A$2:$A$5,0)) -> 0 | AM18: =IF(ISNUMBER(K18),MIN(K18,AL18),"") -> 0 | AN18: =IF(ISNUMBER(Q18),MIN(Q18,AL18),"") -> 0 | AO18: =IF(ISNUMBER(X18),MIN(X18,AL18),"") | AP18: =INDEX(Compatibility!$D$2:$D$5,MATCH(AK18,Compatibility!$A$2:$A$5,0)) -> PB31 / PBN31 (L5-30, 120V only) - single-leg, not whole panel | AQ18: =INDEX(Compatibility!$E$2:$E$5,MATCH(AK18,Compatibility!$A$2:$A$5,0)) -> Standard 5-15 / 5-20 extension cords (see Connection Guide gauge table) | AR18: =INDEX(Compatibility!$F$2:$F$5,MATCH(AK18,Compatibility!$A$2:$A$5,0)) -> TF151W (15A) / TF201W (20A) single-circuit furnace switch only | AS18: =INDEX(Compatibility!$G$2:$G$5,MATCH(AK18,Compatibility!$A$2:$A$5,0)) -> Not supported - no 240V outlet | AT18: Bonded | AU18: No | AV18: =IF(I18<>"Yes","120V only - extension cords / furnace switch",IF(AT18="Floating","Floating neutral: standard 2-pole transfer switch or interlock kit as-is",IF(AT18="Bonded",IF(AU18="Yes","Bonded neutral: have an electrician remove the bond (DuroMax instructions) for 2-pole switch / interlock, or use a neutral-switching (3-pole) switch","Bonded neutral, no unbond instructions published: neutral-switching (3-pole) switch - confirm with DuroMax"),"Neutral not stated - confirm with DuroMax"))) -> 120V only - extension cords / furnace switch | AW18: "Neutral System Bonded" (manual p.60) | AX18: https://cdn.shopify.com/s/files/1/0613/1168/0689/files/XP2300iH_manual_revised_04042024_EPA_CARB_WEB.pdf | AZ18: 4-Stroke OHV | BA18: 80 | BB18: 3600-5300 | BC18: Recoil / Remote | BD18: Yes | BE18: 10W-30 | BF18: 13 | BG18: Yes | BH18: Yes | BI18: No | BJ18: 120V | BK18: 60 | BL18: <3% | BM18: Yes | BO18: 1.1 | BP18: 22 x 14 x 20 | BQ18: 50.6 | BR18: 53 | BS18: 52 | BT18: 3 Year | BU18: Yes | BV18: No | BW18: Yes | BX18: Propane hose/regulator, oil funnel, spark plug wrench, parallel cable, owner's manual (wheel & handle kit listed as included) | BY18: https://www.duromaxpower.com/products/duromax-xp2300ih-2300-watt-80cc-dual-fuel-inverter-generator-with-co-alert | BZ18: https://cdn.shopify.com/s/files/1/0613/1168/0689/files/XP2300iHHeroTransparent.jpg?v=1749582822 | CA18: compare-at $799. RPM listed as 3600-5300 (string). USB = 1 USB-A + 1 USB-C. Site lists 'Remote Start: Yes' but no electric start/battery - verify. Eco = 'Demand Based Variable Idle'. RV Ready, CO Alert. Propane min 20 lb tank suggested. GFCI and 12V DC not listed. Not home-backup/transfer-switch listed (set false = not listed).
A19: DuroMax | B19: XP7000iH | C19: 7,000 Watt Portable Dual Fuel Inverter Generator - Quiet, Low THD | D19: Inverter | E19: Dual Fuel | F19: No | G19: 1699 | H19: Pre-order | I19: Yes | J19: 7000 | K19: 5500 | L19: 45.83 | M19: 22.92 | N19: 16 | O19: 8 | P19: 6650 | Q19: 5225 | R19: 43.54 | S19: 21.77 | T19: 26 | U19: 14 | V19: 00 lb | AC19: 2 | AD19: 0 | AE19: 0 | AF19: 1 | AG19: 0 | AH19: 0 | AI19: 0 | AJ19: Yes | AK19: =IF(N(AG19)>0,"14-50R (50A)",IF(N(AF19)>0,"L14-30R (30A)","None - 120V only")) -> L14-30R (30A) | AL19: =INDEX(Compatibility!$C$2:$C$5,MATCH(AK19,Compatibility!$A$2:$A$5,0)) -> 7200 | AM19: =IF(ISNUMBER(K19),MIN(K19,AL19),"") -> 5500 | AN19: =IF(ISNUMBER(Q19),MIN(Q19,AL19),"") -> 5225 | AO19: =IF(ISNUMBER(X19),MIN(X19,AL19),"") | AP19: =INDEX(Compatibility!$D$2:$D$5,MATCH(AK19,Compatibility!$A$2:$A$5,0)) -> PB30, PBN30 (30A L14-30 inlet) | AQ19: =INDEX(Compatibility!$E$2:$E$5,MATCH(AK19,Compatibility!$A$2:$A$5,0)) -> XP3010GC, XP3025GC, XP3050GC, PC3040 (L14-30P to L14-30R) | AR19: =INDEX(Compatibility!$F$2:$F$5,MATCH(AK19,Compatibility!$A$2:$A$5,0)) -> 30A / 6 circuit: 306A, R306A (outdoor), 306C, 306D, 306CRK (kit); 30A / 10 circuit: 310C, 310D, 310CRK (kit), R310A (outdoor), 310CDKN (kit) | AS19: =INDEX(Compatibility!$G$2:$G$5,MATCH(AK19,Compatibility!$A$2:$A$5,0)) -> 30A 2-pole backfeed breaker (panel brand) + GenInterlock kit for panel | AT19: Bonded | AU19: Yes | AV19: =IF(I19<>"Yes","120V only - extension cords / furnace switch",IF(AT19="Floating","Floating neutral: standard 2-pole transfer switch or interlock kit as-is",IF(AT19="Bonded",IF(AU19="Yes","Bonded neutral: have an electrician remove the bond (DuroMax instructions) for 2-pole switch / interlock, or use a neutral-switching (3-pole) switch","Bonded neutral, no unbond instructions published: neutral-switching (3-pole) switch - confirm with DuroMax"),"Neutral not stated - confirm with DuroMax"))) -> Bonded neutral: have an electrician remove the bond (DuroMax instructions) for 2-pole switch / interlock, or use a neutral-switching (3-pole) switch | AW19: "Neutral System Bonded" (manual p.72) | AX19: https://cdn.shopify.com/s/files/1/0613/1168/0689/files/XP7000iH_manual_revised_02162024_WEB.pdf?v=1714662622 | AY19: https://cdn.shopify.com/s/files/1/0613/1168/0689/files/XP7000iH_Inverters.pdf?v=1735255332 | AZ19: 4-Stroke OHV | BA19: 320 | BB19: 3600 | BC19: Push Button Electric / Recoil / Remote | BD19: Yes | BE19: 10W-30 | BF19: 23.7 | BG19: Yes | BH19: Yes | BI19: No | BJ19: 120/240V | BK19: 60 | BL19: <3% | BM19: Yes | BN19: 12V SLA (included) | BO19: 3 | BP19: 25.1 x 19.4 x 21.38 | BS19: 62 | BT19: 5 Year | BU19: Yes | BV19: Yes | BW19: Yes | BX19: Generator, propane hose with regulator, oil funnel, spark plug wrench, remote control, battery tender, owner's manual, wheel & handle kit | BY19: https://www.duromaxpower.com/products/duromax-xp7000ih-7000-watt-dual-fuel-portable-digital-inverter-generator | BZ19: https://cdn.shopify.com/s/files/1/0613/1168/0689/files/XP7000iH_001.png?v=1749582560 | CA19: compare-at $1,999. Page shows 'Pre-Order - Ships Week Of: 1/4/2027' although JSON available=true. Weight listed only as 147 lbs (dry vs wet unclear; recorded in notes, not fields). Propane runtimes listed per tank size 40/60/100 lb; lp_runtime values recorded are for 40 lb tank (26/39/43.33 @25%, 14/21/23.33 @50%). Eco = 'Demand Based Variable Idle'. Home Backup Ready via L14-30R.
A20: DuroMax | B20: XP7000iHT | C20: 7,000 Watt Portable Tri Fuel Inverter Generator - Quiet, Low THD | D20: Inverter | E20: Tri Fuel | F20: No | G20: 1799 | H20: In stock | I20: Yes | J20: 7000 | K20: 5500 | L20: 45.83 | M20: 22.92 | N20: 16 | O20: 8 | P20: 6650 | Q20: 5225 | R20: 43.54 | S20: 21.77 | T20: 26 | U20: 14 | V20: 00 lb | W20: 6000 | X20: 4750 | Y20: 39.58 | Z20: 19.79 | AA20: 6.0-9.0 | AB20: 121000 | AC20: 2 | AD20: 0 | AE20: 0 | AF20: 1 | AG20: 0 | AH20: 0 | AI20: 0 | AJ20: Yes | AK20: =IF(N(AG20)>0,"14-50R (50A)",IF(N(AF20)>0,"L14-30R (30A)","None - 120V only")) -> L14-30R (30A) | AL20: =INDEX(Compatibility!$C$2:$C$5,MATCH(AK20,Compatibility!$A$2:$A$5,0)) -> 7200 | AM20: =IF(ISNUMBER(K20),MIN(K20,AL20),"") -> 5500 | AN20: =IF(ISNUMBER(Q20),MIN(Q20,AL20),"") -> 5225 | AO20: =IF(ISNUMBER(X20),MIN(X20,AL20),"") -> 4750 | AP20: =INDEX(Compatibility!$D$2:$D$5,MATCH(AK20,Compatibility!$A$2:$A$5,0)) -> PB30, PBN30 (30A L14-30 inlet) | AQ20: =INDEX(Compatibility!$E$2:$E$5,MATCH(AK20,Compatibility!$A$2:$A$5,0)) -> XP3010GC, XP3025GC, XP3050GC, PC3040 (L14-30P to L14-30R) | AR20: =INDEX(Compatibility!$F$2:$F$5,MATCH(AK20,Compatibility!$A$2:$A$5,0)) -> 30A / 6 circuit: 306A, R306A (outdoor), 306C, 306D, 306CRK (kit); 30A / 10 circuit: 310C, 310D, 310CRK (kit), R310A (outdoor), 310CDKN (kit) | AS20: =INDEX(Compatibility!$G$2:$G$5,MATCH(AK20,Compatibility!$A$2:$A$5,0)) -> 30A 2-pole backfeed breaker (panel brand) + GenInterlock kit for panel | AT20: Bonded | AU20: Yes | AV20: =IF(I20<>"Yes","120V only - extension cords / furnace switch",IF(AT20="Floating","Floating neutral: standard 2-pole transfer switch or interlock kit as-is",IF(AT20="Bonded",IF(AU20="Yes","Bonded neutral: have an electrician remove the bond (DuroMax instructions) for 2-pole switch / interlock, or use a neutral-switching (3-pole) switch","Bonded neutral, no unbond instructions published: neutral-switching (3-pole) switch - confirm with DuroMax"),"Neutral not stated - confirm with DuroMax"))) -> Bonded neutral: have an electrician remove the bond (DuroMax instructions) for 2-pole switch / interlock, or use a neutral-switching (3-pole) switch | AW20: "Neutral System Bonded" (manual p.78) | AX20: https://cdn.shopify.com/s/files/1/0613/1168/0689/files/XP7000iHT_manual_revised_11102025_WEB.pdf?v=1762799463 | AY20: https://cdn.shopify.com/s/files/1/0613/1168/0689/files/XP7000iHT_removing_the_bond_instructions_WEB.pdf | AZ20: 4-Stroke OHV | BA20: 320 | BB20: 3600 | BC20: Push Button Electric / Recoil / Remote | BD20: Yes | BE20: 10W-30 | BF20: 23.7 | BG20: Yes | BH20: Yes | BI20: No | BJ20: 120/240V | BK20: 60 | BL20: <3% | BM20: Yes | BN20: 12V SLA (included) | BO20: 3 | BP20: 25.1 x 19.4 x 21.38 | BS20: 62 | BT20: 5 Year | BU20: Yes | BV20: Yes | BW20: Yes | BX20: XP7000iHT Generator, Propane Regulator, 15-Foot x 1/2-Inch Natural Gas Hose, Oil Funnel, Spark Plug Wrench, Remote Control, Battery Tender, Owner's Manual (wheel kit included) | BY20: https://www.duromaxpower.com/products/duromax-xp7000iht-7000-watt-portable-tri-fuel-inverter-generator-w-co-alert | BZ20: https://cdn.shopify.com/s/files/1/0613/1168/0689/files/XP7000iHT_001.png?v=1750803563 | CA20: compare-at $2,299. In stock. Weight listed only as 147 lbs (dry vs wet unclear). Propane runtimes listed per tank size 40/60/100 lb; lp_runtime values recorded are for 40 lb tank (26/39/43.33 @25%, 14/21/23.33 @50%). Eco = 'Demand Based Variable Idle'.
A21: DuroMax | B21: XP9500iH | C21: 9,500 Watt Portable Dual Fuel Inverter Generator - Quiet, Low THD | D21: Inverter | E21: Dual Fuel | F21: No | G21: 1999 | H21: In stock | I21: Yes | J21: 9500 | K21: 7600 | L21: 63.33 | M21: 31.67 | N21: 21 | O21: 11 | P21: 9025 | Q21: 7200 | R21: 60 | S21: 30 | T21: 19 | U21: 10 | V21: 00 lb | AC21: 4 | AD21: 0 | AE21: 0 | AF21: 1 | AG21: 1 | AH21: 0 | AI21: 0 | AJ21: Yes | AK21: =IF(N(AG21)>0,"14-50R (50A)",IF(N(AF21)>0,"L14-30R (30A)","None - 120V only")) -> 14-50R (50A) | AL21: =INDEX(Compatibility!$C$2:$C$5,MATCH(AK21,Compatibility!$A$2:$A$5,0)) -> 12000 | AM21: =IF(ISNUMBER(K21),MIN(K21,AL21),"") -> 7600 | AN21: =IF(ISNUMBER(Q21),MIN(Q21,AL21),"") -> 7200 | AO21: =IF(ISNUMBER(X21),MIN(X21,AL21),"") | AP21: =INDEX(Compatibility!$D$2:$D$5,MATCH(AK21,Compatibility!$A$2:$A$5,0)) -> XP50PB, XP50PBN, PB50, PBN50 (50A CS6375 inlet) | AQ21: =INDEX(Compatibility!$E$2:$E$5,MATCH(AK21,Compatibility!$A$2:$A$5,0)) -> XP5015GC, XP5025GC, XP5050GC, PC5020-14, PC5025-14M (14-50P to CS6364) | AR21: =INDEX(Compatibility!$F$2:$F$5,MATCH(AK21,Compatibility!$A$2:$A$5,0)) -> 50A / 10 circuit: R510A (outdoor), A510C, 510C, 510D; 50A / 6 circuit: 506C | AS21: =INDEX(Compatibility!$G$2:$G$5,MATCH(AK21,Compatibility!$A$2:$A$5,0)) -> 50A 2-pole backfeed breaker (panel brand) + GenInterlock kit for panel | AT21: Bonded | AU21: Yes | AV21: =IF(I21<>"Yes","120V only - extension cords / furnace switch",IF(AT21="Floating","Floating neutral: standard 2-pole transfer switch or interlock kit as-is",IF(AT21="Bonded",IF(AU21="Yes","Bonded neutral: have an electrician remove the bond (DuroMax instructions) for 2-pole switch / interlock, or use a neutral-switching (3-pole) switch","Bonded neutral, no unbond instructions published: neutral-switching (3-pole) switch - confirm with DuroMax"),"Neutral not stated - confirm with DuroMax"))) -> Bonded neutral: have an electrician remove the bond (DuroMax instructions) for 2-pole switch / interlock, or use a neutral-switching (3-pole) switch | AW21: "Neutral System Bonded" (manual p.74) | AX21: https://cdn.shopify.com/s/files/1/0613/1168/0689/files/XP9500iH_manual_revised_09162026_WEB.pdf?v=1789592677 | AY21: https://cdn.shopify.com/s/files/1/0613/1168/0689/files/XP9500iH_removing_the_bond_instructions_version_1_2_WEB.pdf?v=1747339695 | AZ21: 4-Stroke OHV | BA21: 459 | BB21: 3400 | BC21: Push Button Electric / Recoil / Remote | BD21: Yes | BE21: 10W-30 | BF21: 40.6 | BG21: Yes | BH21: Yes | BI21: No | BJ21: 120/240V | BK21: 60 | BL21: <3% | BN21: 12V AGM Gel (included) | BO21: 7.1 | BP21: 26.2 x 25 x 29.6 | BQ21: 216 | BR21: 226 | BS21: 61 | BT21: 5 Year | BU21: Yes | BV21: Yes | BW21: Yes | BX21: Generator, 4-foot propane hose/regulator, oil funnel, spark plug wrench, remote control, battery tender, owner's manual (wheel kit included) | BY21: https://www.duromaxpower.com/products/duromax-xp9500ih-9500-watt-dual-fuel-portable-digital-inverter-generator | BZ21: https://cdn.shopify.com/s/files/1/0613/1168/0689/files/XP9500iH_001.png?v=1749582557 | CA21: compare-at $2,699. In stock. AVR not listed. Propane runtimes listed per tank size 40/60/100 lb; lp_runtime values recorded are for 40 lb tank (19/28.5/47.5 @25%, 10/15/20.25 @50%). Battery listed as '12V AGM Gel Battery' in one place, '12V AGM' in another. RV Ready, Home Backup Ready (50A). Eco = 'Demand Based Variable Idle'.
A22: DuroMax | B22: XP9500iHT | C22: 9,500 Watt Portable Tri Fuel Inverter Generator - Quiet, Low THD | D22: Inverter | E22: Tri Fuel | F22: No | G22: 2099 | H22: In stock | I22: Yes | J22: 9500 | K22: 7600 | L22: 63.33 | M22: 31.67 | N22: 21 | O22: 11 | P22: 9025 | Q22: 7200 | R22: 60 | S22: 30 | T22: 19 | U22: 10 | V22: 00 lb | W22: 8200 | X22: 6500 | Y22: 54.16 | Z22: 27.08 | AA22: 6.0-9.0 | AB22: 176000 | AC22: 4 | AD22: 0 | AE22: 0 | AF22: 1 | AG22: 1 | AH22: 0 | AI22: 0 | AJ22: Yes | AK22: =IF(N(AG22)>0,"14-50R (50A)",IF(N(AF22)>0,"L14-30R (30A)","None - 120V only")) -> 14-50R (50A) | AL22: =INDEX(Compatibility!$C$2:$C$5,MATCH(AK22,Compatibility!$A$2:$A$5,0)) -> 12000 | AM22: =IF(ISNUMBER(K22),MIN(K22,AL22),"") -> 7600 | AN22: =IF(ISNUMBER(Q22),MIN(Q22,AL22),"") -> 7200 | AO22: =IF(ISNUMBER(X22),MIN(X22,AL22),"") -> 6500 | AP22: =INDEX(Compatibility!$D$2:$D$5,MATCH(AK22,Compatibility!$A$2:$A$5,0)) -> XP50PB, XP50PBN, PB50, PBN50 (50A CS6375 inlet) | AQ22: =INDEX(Compatibility!$E$2:$E$5,MATCH(AK22,Compatibility!$A$2:$A$5,0)) -> XP5015GC, XP5025GC, XP5050GC, PC5020-14, PC5025-14M (14-50P to CS6364) | AR22: =INDEX(Compatibility!$F$2:$F$5,MATCH(AK22,Compatibility!$A$2:$A$5,0)) -> 50A / 10 circuit: R510A (outdoor), A510C, 510C, 510D; 50A / 6 circuit: 506C | AS22: =INDEX(Compatibility!$G$2:$G$5,MATCH(AK22,Compatibility!$A$2:$A$5,0)) -> 50A 2-pole backfeed breaker (panel brand) + GenInterlock kit for panel | AT22: Bonded | AU22: No | AV22: =IF(I22<>"Yes","120V only - extension cords / furnace switch",IF(AT22="Floating","Floating neutral: standard 2-pole transfer switch or interlock kit as-is",IF(AT22="Bonded",IF(AU22="Yes","Bonded neutral: have an electrician remove the bond (DuroMax instructions) for 2-pole switch / interlock, or use a neutral-switching (3-pole) switch","Bonded neutral, no unbond instructions published: neutral-switching (3-pole) switch - confirm with DuroMax"),"Neutral not stated - confirm with DuroMax"))) -> Bonded neutral, no unbond instructions published: neutral-switching (3-pole) switch - confirm with DuroMax | AW22: "Neutral System Bonded" (manual p.78) | AX22: https://cdn.shopify.com/s/files/1/0613/1168/0689/files/XP9500iHT_manual_revised_09162026_WEB.pdf?v=1789592676 | AZ22: 4-Stroke OHV | BA22: 459 | BB22: 3400 | BC22: Push Button Electric / Recoil / Remote | BD22: Yes | BE22: 10W-30 | BF22: 40.6 | BG22: Yes | BH22: Yes | BI22: No | BJ22: 120/240V | BK22: 60 | BL22: <3% | BN22: 12V AGM (included) | BO22: 7.1 | BP22: 26.2 x 25 x 29.6 | BQ22: 216 | BR22: 226 | BS22: 61 | BT22: 5 Year | BU22: Yes | BV22: Yes | BW22: Yes | BX22: XP9500iHT Generator, 15-foot x 1/2-inch Natural Gas Hose, 4 Foot Propane Hose w/ Regulator, Oil Funnel, Spark Plug Wrench, Remote Control, Battery Tender, Owner's Manual (wheel kit included) | BY22: https://www.duromaxpower.com/products/duromax-xp9500iht-9500-watt-portable-tri-fuel-inverter-generator-w-co-alert | BZ22: https://cdn.shopify.com/s/files/1/0613/1168/0689/files/X9500iHT_001_35af19e1-6413-49ed-a6dc-07348e1781c9.png?v=1765312039 | CA22: compare-at $2,999. In stock. AVR not listed. Propane runtimes listed per tank size 40/60/100 lb; lp_runtime values recorded are for 40 lb tank (19/28.5/47.5 @25%, 10/15/20.25 @50%). RV Ready. Eco = 'Demand Based Variable Idle'.
A23: DuroMax | B23: XP11000iH | C23: 11,000 Watt Portable Dual Fuel Inverter Generator - Quiet, Low THD | D23: Inverter | E23: Dual Fuel | F23: No | G23: 2499 | H23: In stock | I23: Yes | J23: 11000 | K23: 9000 | L23: 75 | M23: 37.5 | N23: 18 | O23: 9 | P23: 10450 | Q23: 8550 | R23: 71.25 | S23: 35.63 | T23: 16 | U23: 8 | V23: 00 lb | AC23: 4 | AD23: 0 | AE23: 0 | AF23: 1 | AG23: 1 | AH23: 0 | AI23: 0 | AJ23: Yes | AK23: =IF(N(AG23)>0,"14-50R (50A)",IF(N(AF23)>0,"L14-30R (30A)","None - 120V only")) -> 14-50R (50A) | AL23: =INDEX(Compatibility!$C$2:$C$5,MATCH(AK23,Compatibility!$A$2:$A$5,0)) -> 12000 | AM23: =IF(ISNUMBER(K23),MIN(K23,AL23),"") -> 9000 | AN23: =IF(ISNUMBER(Q23),MIN(Q23,AL23),"") -> 8550 | AO23: =IF(ISNUMBER(X23),MIN(X23,AL23),"") | AP23: =INDEX(Compatibility!$D$2:$D$5,MATCH(AK23,Compatibility!$A$2:$A$5,0)) -> XP50PB, XP50PBN, PB50, PBN50 (50A CS6375 inlet) | AQ23: =INDEX(Compatibility!$E$2:$E$5,MATCH(AK23,Compatibility!$A$2:$A$5,0)) -> XP5015GC, XP5025GC, XP5050GC, PC5020-14, PC5025-14M (14-50P to CS6364) | AR23: =INDEX(Compatibility!$F$2:$F$5,MATCH(AK23,Compatibility!$A$2:$A$5,0)) -> 50A / 10 circuit: R510A (outdoor), A510C, 510C, 510D; 50A / 6 circuit: 506C | AS23: =INDEX(Compatibility!$G$2:$G$5,MATCH(AK23,Compatibility!$A$2:$A$5,0)) -> 50A 2-pole backfeed breaker (panel brand) + GenInterlock kit for panel | AT23: Bonded | AU23: Yes | AV23: =IF(I23<>"Yes","120V only - extension cords / furnace switch",IF(AT23="Floating","Floating neutral: standard 2-pole transfer switch or interlock kit as-is",IF(AT23="Bonded",IF(AU23="Yes","Bonded neutral: have an electrician remove the bond (DuroMax instructions) for 2-pole switch / interlock, or use a neutral-switching (3-pole) switch","Bonded neutral, no unbond instructions published: neutral-switching (3-pole) switch - confirm with DuroMax"),"Neutral not stated - confirm with DuroMax"))) -> Bonded neutral: have an electrician remove the bond (DuroMax instructions) for 2-pole switch / interlock, or use a neutral-switching (3-pole) switch | AW23: "Neutral System Bonded" (manual p.74) | AX23: https://cdn.shopify.com/s/files/1/0613/1168/0689/files/XP11000iH_manual_revised_09162026_WEB.pdf?v=1789592676 | AY23: https://cdn.shopify.com/s/files/1/0613/1168/0689/files/XP11000iH_removing_the_bond_instructions_version_1_2_WEB.pdf?v=1747339695 | AZ23: 4-Stroke OHV | BA23: 459 | BB23: 3400 | BC23: Push Button Electric / Recoil / Remote | BD23: Yes | BE23: 10W-30 | BF23: 40.6 | BG23: Yes | BH23: Yes | BI23: No | BJ23: 120/240V | BK23: 60 | BL23: <3% | BN23: 12V AGM (included) | BO23: 7.1 | BP23: 26.2 x 25 x 29.6 | BQ23: 216 | BR23: 226 | BS23: 61 | BT23: 5 Year | BU23: Yes | BV23: Yes | BW23: Yes | BX23: Generator, 4 foot propane hose & regulator, oil funnel, spark plug wrench, remote control, battery tender, owner's manual (wheel & handle kit included) | BY23: https://www.duromaxpower.com/products/duromax-xp11000ih-11000-watt-dual-fuel-portable-digital-inverter-generator | BZ23: https://cdn.shopify.com/s/files/1/0613/1168/0689/files/XP11000iH_001.png?v=1749582555 | CA23: compare-at $2,599. In stock. AVR not listed. Weight 226 lb listed as 'Product weight' (recorded as wet). Propane runtimes listed per tank size 40/60/100 lb; lp_runtime values recorded are for 40 lb tank (16/24/40 @25%, 8/12/20 @50%). Feature: 'DC Output - Charge 48V/52V battery banks such as Tesla Powerwall' (not a 12V DC outlet). 4 GFCI outlets. Eco = 'Demand Based Variable Idle'.
A24: DuroMax | B24: XP11000iHT | C24: 11,000 Watt Portable Tri Fuel Inverter Generator - Quiet, Low THD | D24: Inverter | E24: Tri Fuel | F24: No | G24: 2899 | H24: In stock | I24: Yes | J24: 11000 | K24: 9000 | L24: 75 | M24: 37.5 | N24: 18 | O24: 9 | P24: 10450 | Q24: 8550 | R24: 71.25 | S24: 35.63 | T24: 16 | U24: 8 | V24: 00 lb | W24: 9500 | X24: 7700 | Y24: 64.17 | Z24: 32.08 | AA24: 6.0-9.0 | AB24: 204000 | AC24: 4 | AD24: 0 | AE24: 0 | AF24: 1 | AG24: 1 | AH24: 0 | AI24: 0 | AJ24: Yes | AK24: =IF(N(AG24)>0,"14-50R (50A)",IF(N(AF24)>0,"L14-30R (30A)","None - 120V only")) -> 14-50R (50A) | AL24: =INDEX(Compatibility!$C$2:$C$5,MATCH(AK24,Compatibility!$A$2:$A$5,0)) -> 12000 | AM24: =IF(ISNUMBER(K24),MIN(K24,AL24),"") -> 9000 | AN24: =IF(ISNUMBER(Q24),MIN(Q24,AL24),"") -> 8550 | AO24: =IF(ISNUMBER(X24),MIN(X24,AL24),"") -> 7700 | AP24: =INDEX(Compatibility!$D$2:$D$5,MATCH(AK24,Compatibility!$A$2:$A$5,0)) -> XP50PB, XP50PBN, PB50, PBN50 (50A CS6375 inlet) | AQ24: =INDEX(Compatibility!$E$2:$E$5,MATCH(AK24,Compatibility!$A$2:$A$5,0)) -> XP5015GC, XP5025GC, XP5050GC, PC5020-14, PC5025-14M (14-50P to CS6364) | AR24: =INDEX(Compatibility!$F$2:$F$5,MATCH(AK24,Compatibility!$A$2:$A$5,0)) -> 50A / 10 circuit: R510A (outdoor), A510C, 510C, 510D; 50A / 6 circuit: 506C | AS24: =INDEX(Compatibility!$G$2:$G$5,MATCH(AK24,Compatibility!$A$2:$A$5,0)) -> 50A 2-pole backfeed breaker (panel brand) + GenInterlock kit for panel | AT24: Bonded | AU24: Yes | AV24: =IF(I24<>"Yes","120V only - extension cords / furnace switch",IF(AT24="Floating","Floating neutral: standard 2-pole transfer switch or interlock kit as-is",IF(AT24="Bonded",IF(AU24="Yes","Bonded neutral: have an electrician remove the bond (DuroMax instructions) for 2-pole switch / interlock, or use a neutral-switching (3-pole) switch","Bonded neutral, no unbond instructions published: neutral-switching (3-pole) switch - confirm with DuroMax"),"Neutral not stated - confirm with DuroMax"))) -> Bonded neutral: have an electrician remove the bond (DuroMax instructions) for 2-pole switch / interlock, or use a neutral-switching (3-pole) switch | AW24: "Neutral System Bonded" (manual p.80) | AX24: https://cdn.shopify.com/s/files/1/0613/1168/0689/files/XP11000iHT_manual_revised_01092026_WEB_26de0f28-3de3-4150-b792-89df5c120acb.pdf?v=1789592676 | AY24: https://cdn.shopify.com/s/files/1/0613/1168/0689/files/XP11000iHT_removing_the_bond_instructions_WEB.pdf?v=1761163937 | AZ24: 4-Stroke OHV | BA24: 459 | BB24: 3400 | BC24: Push Button Electric / Recoil / Remote | BD24: Yes | BE24: 10W-30 | BF24: 40.6 | BG24: Yes | BH24: Yes | BI24: No | BJ24: 120/240V | BK24: 60 | BL24: <3% | BN24: 12V AGM (included) | BO24: 7.1 | BP24: 26.2 x 25 x 29.6 | BQ24: 216 | BS24: 61 | BT24: 5 Year | BU24: Yes | BV24: Yes | BW24: Yes | BX24: Generator, propane regulator, natural gas hose, oil funnel, spark plug wrench, remote control, battery tender, owner's manual (wheel kit included) | BY24: https://www.duromaxpower.com/products/duromax-xp11000iht-11000-watt-portable-tri-fuel-inverter-generator-w-co-alert | BZ24: https://cdn.shopify.com/s/files/1/0613/1168/0689/files/XP11000iHT_001_c49e7dcc-db62-4212-a7fd-24fea20ba76f.png?v=1750201964 | CA24: compare-at $3,499. Available. AVR not listed. Wet weight not listed; 'Product weight' 258 lbs (differs from XP11000iH's 226). Propane runtimes listed per tank size 40/60/100 lb; lp_runtime values recorded are for 40 lb tank (16/24/40 @25%, 8/12/20 @50%). Feature: 'DC Output - Charge 48V/52V battery banks such as Tesla Powerwall'. RV Ready. 4 GFCI outlets. Eco = 'Demand Based Variable Idle'.
A25: DuroMax | B25: XP13500iH | C25: 13,500 Watt Portable Dual Fuel Inverter Generator - Quiet, Low THD | D25: Inverter | E25: Dual Fuel | F25: No | G25: 2699 | H25: In stock | I25: Yes | J25: 13500 | K25: 10500 | L25: 87.5 | M25: 43.75 | N25: 19.9 | O25: 10.8 | P25: 12750 | Q25: 10000 | R25: 83.33 | S25: 41.66 | T25: 16.9 | U25: 9.2 | V25: 40 lb | AC25: 2 | AF25: 1 | AG25: 1 | AJ25: Yes | AK25: =IF(N(AG25)>0,"14-50R (50A)",IF(N(AF25)>0,"L14-30R (30A)","None - 120V only")) -> 14-50R (50A) | AL25: =INDEX(Compatibility!$C$2:$C$5,MATCH(AK25,Compatibility!$A$2:$A$5,0)) -> 12000 | AM25: =IF(ISNUMBER(K25),MIN(K25,AL25),"") -> 10500 | AN25: =IF(ISNUMBER(Q25),MIN(Q25,AL25),"") -> 10000 | AO25: =IF(ISNUMBER(X25),MIN(X25,AL25),"") | AP25: =INDEX(Compatibility!$D$2:$D$5,MATCH(AK25,Compatibility!$A$2:$A$5,0)) -> XP50PB, XP50PBN, PB50, PBN50 (50A CS6375 inlet) | AQ25: =INDEX(Compatibility!$E$2:$E$5,MATCH(AK25,Compatibility!$A$2:$A$5,0)) -> XP5015GC, XP5025GC, XP5050GC, PC5020-14, PC5025-14M (14-50P to CS6364) | AR25: =INDEX(Compatibility!$F$2:$F$5,MATCH(AK25,Compatibility!$A$2:$A$5,0)) -> 50A / 10 circuit: R510A (outdoor), A510C, 510C, 510D; 50A / 6 circuit: 506C | AS25: =INDEX(Compatibility!$G$2:$G$5,MATCH(AK25,Compatibility!$A$2:$A$5,0)) -> 50A 2-pole backfeed breaker (panel brand) + GenInterlock kit for panel | AT25: Bonded | AU25: Yes | AV25: =IF(I25<>"Yes","120V only - extension cords / furnace switch",IF(AT25="Floating","Floating neutral: standard 2-pole transfer switch or interlock kit as-is",IF(AT25="Bonded",IF(AU25="Yes","Bonded neutral: have an electrician remove the bond (DuroMax instructions) for 2-pole switch / interlock, or use a neutral-switching (3-pole) switch","Bonded neutral, no unbond instructions published: neutral-switching (3-pole) switch - confirm with DuroMax"),"Neutral not stated - confirm with DuroMax"))) -> Bonded neutral: have an electrician remove the bond (DuroMax instructions) for 2-pole switch / interlock, or use a neutral-switching (3-pole) switch | AW25: "Neutral System Bonded" (manual p.78) | AX25: https://cdn.shopify.com/s/files/1/0613/1168/0689/files/XP13500iH_manual_revised_02132026_PRINT_2_3.pdf?v=1787850983 | AY25: https://cdn.shopify.com/s/files/1/0613/1168/0689/files/XP13500iH_removing_the_bond_instructions_WEB.pdf?v=1786148204 | AZ25: 4-Stroke OHV | BA25: 550 | BB25: 3600 | BC25: Push Button, Electric, Recoil, Remote | BD25: Yes | BE25: 10W-30 | BF25: 50.7 | BG25: Yes | BH25: Yes | BI25: No | BJ25: 120/240V | BK25: 60 | BL25: <3% | BN25: 12V AGM (included) | BO25: 8 | BP25: 32 x 22.75 x 26.5 | BQ25: 234 | BS25: 66 | BT25: 5 Year parts and technical service warranty | BV25: Yes | BW25: Yes | BX25: Propane hose/regulator, oil funnel, spark plug wrench, remote control, tool set, DC cables, battery tender, owner's manual | BY25: https://www.duromaxpower.com/products/duromax-13500-watt-portable-dual-fuel-inverter-generator-quiet-low-thd | BZ25: https://cdn.shopify.com/s/files/1/0613/1168/0689/files/XP13500iH_001_2.png?v=1787764844 | CA25: Launch price $2,699 (compare-at $3,199). In stock. Propane runtimes on 40 lb tank. Noise 66 dB @ 25% load. Oil 50.7 fl oz (1.5 L). transfer_switch_ready inferred from 'Home Backup Ready' (50A outlet), not an explicit 'transfer switch ready' row. eco_mode = 'Demand-Based Variable Idle'. DC output for 48V/52V battery banks (not a 12V DC outlet). AVR, wet weight, parallel not listed. Warranty stated as 5 years.
A26: DuroMax | B26: XP13500iHT | C26: 13,500 Watt Portable Tri Fuel Inverter Generator - Quiet, Low THD | D26: Inverter | E26: Tri Fuel | F26: No | G26: 2999 | H26: In stock | I26: Yes | J26: 13500 | K26: 10500 | L26: 87.5 | M26: 43.75 | N26: 19.9 | O26: 10.8 | P26: 12750 | Q26: 10000 | R26: 83.33 | S26: 41.66 | T26: 16.9 | U26: 9.2 | V26: 40 lb | W26: 11500 | X26: 9000 | Y26: 75 | Z26: 37.5 | AA26: 6-9 | AB26: 225000 | AC26: 2 | AF26: 1 | AG26: 1 | AJ26: Yes | AK26: =IF(N(AG26)>0,"14-50R (50A)",IF(N(AF26)>0,"L14-30R (30A)","None - 120V only")) -> 14-50R (50A) | AL26: =INDEX(Compatibility!$C$2:$C$5,MATCH(AK26,Compatibility!$A$2:$A$5,0)) -> 12000 | AM26: =IF(ISNUMBER(K26),MIN(K26,AL26),"") -> 10500 | AN26: =IF(ISNUMBER(Q26),MIN(Q26,AL26),"") -> 10000 | AO26: =IF(ISNUMBER(X26),MIN(X26,AL26),"") -> 9000 | AP26: =INDEX(Compatibility!$D$2:$D$5,MATCH(AK26,Compatibility!$A$2:$A$5,0)) -> XP50PB, XP50PBN, PB50, PBN50 (50A CS6375 inlet) | AQ26: =INDEX(Compatibility!$E$2:$E$5,MATCH(AK26,Compatibility!$A$2:$A$5,0)) -> XP5015GC, XP5025GC, XP5050GC, PC5020-14, PC5025-14M (14-50P to CS6364) | AR26: =INDEX(Compatibility!$F$2:$F$5,MATCH(AK26,Compatibility!$A$2:$A$5,0)) -> 50A / 10 circuit: R510A (outdoor), A510C, 510C, 510D; 50A / 6 circuit: 506C | AS26: =INDEX(Compatibility!$G$2:$G$5,MATCH(AK26,Compatibility!$A$2:$A$5,0)) -> 50A 2-pole backfeed breaker (panel brand) + GenInterlock kit for panel | AT26: Bonded | AU26: Yes | AV26: =IF(I26<>"Yes","120V only - extension cords / furnace switch",IF(AT26="Floating","Floating neutral: standard 2-pole transfer switch or interlock kit as-is",IF(AT26="Bonded",IF(AU26="Yes","Bonded neutral: have an electrician remove the bond (DuroMax instructions) for 2-pole switch / interlock, or use a neutral-switching (3-pole) switch","Bonded neutral, no unbond instructions published: neutral-switching (3-pole) switch - confirm with DuroMax"),"Neutral not stated - confirm with DuroMax"))) -> Bonded neutral: have an electrician remove the bond (DuroMax instructions) for 2-pole switch / interlock, or use a neutral-switching (3-pole) switch | AW26: "Neutral System Bonded" (manual p.82) | AX26: https://cdn.shopify.com/s/files/1/0613/1168/0689/files/XP13500iHT_manual_revised_02132026_PRINT_1_2.pdf?v=1787850984 | AY26: https://cdn.shopify.com/s/files/1/0613/1168/0689/files/XP13500iHT_removing_the_bond_instructions_WEB.pdf?v=1786148205 | AZ26: 4-Stroke OHV | BA26: 550 | BB26: 3600 | BC26: Push Button, Electric, Recoil, Remote | BD26: Yes | BE26: 10W-30 | BF26: 50.7 | BG26: Yes | BH26: Yes | BI26: No | BJ26: 120/240V | BK26: 60 | BL26: <3% | BN26: 12V AGM (included) | BO26: 8 | BP26: 32 x 22.75 x 26.5 | BQ26: 234 | BS26: 66 | BT26: 5 Year parts and technical service warranty | BV26: Yes | BW26: Yes | BX26: Propane regulator, natural gas hose, remote control, battery tender, oil funnel, spark plug wrench, tool set, owner's manual | BY26: https://www.duromaxpower.com/products/duromax-13500-watt-portable-tri-fuel-inverter-generator-quiet-low-thd | BZ26: https://cdn.shopify.com/s/files/1/0613/1168/0689/files/XP13500iHT_001_2.png?v=1787798761 | CA26: Sale $2,999 (compare-at $3,499). In stock. Propane runtimes on 40 lb tank. transfer_switch_ready inferred from 'Home Backup Ready' (50A outlet). eco_mode = 'Demand-Based Variable Idle'. DC output for battery banks. AVR, wet weight, parallel not listed. Warranty stated as 5 years.
A27: DuroMax | B27: XP16000iH | C27: 16,000 Watt Portable Dual Fuel Inverter Generator - Quiet, Low THD | D27: Inverter | E27: Dual Fuel | F27: No | G27: 4999 | H27: In stock | I27: Yes | J27: 16000 | K27: 13000 | L27: 108.33 | M27: 54.17 | N27: 18.2 | O27: 10.5 | P27: 15200 | Q27: 12350 | R27: 102.92 | S27: 51.46 | T27: 11 | U27: 6 | V27: 00 lb | AC27: 4 | AG27: 2 | AJ27: Yes | AK27: =IF(N(AG27)>0,"14-50R (50A)",IF(N(AF27)>0,"L14-30R (30A)","None - 120V only")) -> 14-50R (50A) | AL27: =INDEX(Compatibility!$C$2:$C$5,MATCH(AK27,Compatibility!$A$2:$A$5,0)) -> 12000 | AM27: =IF(ISNUMBER(K27),MIN(K27,AL27),"") -> 12000 | AN27: =IF(ISNUMBER(Q27),MIN(Q27,AL27),"") -> 12000 | AO27: =IF(ISNUMBER(X27),MIN(X27,AL27),"") | AP27: =INDEX(Compatibility!$D$2:$D$5,MATCH(AK27,Compatibility!$A$2:$A$5,0)) -> XP50PB, XP50PBN, PB50, PBN50 (50A CS6375 inlet) | AQ27: =INDEX(Compatibility!$E$2:$E$5,MATCH(AK27,Compatibility!$A$2:$A$5,0)) -> XP5015GC, XP5025GC, XP5050GC, PC5020-14, PC5025-14M (14-50P to CS6364) | AR27: =INDEX(Compatibility!$F$2:$F$5,MATCH(AK27,Compatibility!$A$2:$A$5,0)) -> 50A / 10 circuit: R510A (outdoor), A510C, 510C, 510D; 50A / 6 circuit: 506C | AS27: =INDEX(Compatibility!$G$2:$G$5,MATCH(AK27,Compatibility!$A$2:$A$5,0)) -> 50A 2-pole backfeed breaker (panel brand) + GenInterlock kit for panel | AT27: Bonded | AU27: Yes | AV27: =IF(I27<>"Yes","120V only - extension cords / furnace switch",IF(AT27="Floating","Floating neutral: standard 2-pole transfer switch or interlock kit as-is",IF(AT27="Bonded",IF(AU27="Yes","Bonded neutral: have an electrician remove the bond (DuroMax instructions) for 2-pole switch / interlock, or use a neutral-switching (3-pole) switch","Bonded neutral, no unbond instructions published: neutral-switching (3-pole) switch - confirm with DuroMax"),"Neutral not stated - confirm with DuroMax"))) -> Bonded neutral: have an electrician remove the bond (DuroMax instructions) for 2-pole switch / interlock, or use a neutral-switching (3-pole) switch | AW27: "Neutral System Bonded" (manual p.74) | AX27: https://cdn.shopify.com/s/files/1/0613/1168/0689/files/XP16000iH_manual_revised_04132026_WEB.pdf?v=1789592676 | AY27: https://cdn.shopify.com/s/files/1/0613/1168/0689/files/XP16000iH_removing_the_bond_instructions_version_2_WEB.pdf?v=1747326258 | AZ27: 4-Stroke OHV | BA27: 744 | BC27: Push Button Electric, Remote | BD27: Yes | BE27: 10W-30 | BF27: 50.7 | BG27: Yes | BH27: Yes | BI27: No | BJ27: 120/240V | BK27: 60 | BL27: <3% | BM27: Yes | BN27: 12V AGM (included) | BO27: 10.5 | BP27: 38.3 x 30.8 x 34.4 | BQ27: 368 | BS27: 66.9 | BT27: 5 Year parts and technical service warranty | BV27: Yes | BX27: Oil funnel, spark plug wrench, tool set, remote control, battery tender, propane regulator, owner's manual | BY27: https://www.duromaxpower.com/products/16-000-watt-v-twin-dual-fuel-portable-digital-inverter-generator | BZ27: https://cdn.shopify.com/s/files/1/0613/1168/0689/files/XP16000iH_001_c82d9502-c499-4187-a30b-efee71dfbe1b.jpg?v=1749582624 | CA27: Sale $4,999 (compare-at $5,999). In stock. URL handle says 'V-twin' but spec table lists engine only as 4-Stroke OHV 744cc. RPM listed as variable/load-dependent. Propane runtime @25% 11/16.5/27.75 hr and @50% 6/9.4/14.5 hr on 40/60/100 lb tanks (40 lb values recorded). Noise 66.9 dB @ 25% load. transfer_switch_ready inferred from 'Home Backup Ready'. Page lists 'Parallel Kits' as a separate accessory but no parallel capability in specs (left null). Idle control not listed for this model (unlike iHT). 4 GFCI outlets.
A28: DuroMax | B28: XP16000iHT | C28: 16,000 Watt Portable Tri Fuel Inverter Generator - Quiet, Low THD | D28: Inverter | E28: Tri Fuel | F28: No | G28: 5299 | H28: In stock | I28: Yes | J28: 16000 | K28: 13000 | L28: 108.33 | M28: 54.17 | N28: 18.2 | O28: 10.5 | P28: 15200 | Q28: 12350 | R28: 102.92 | S28: 51.46 | T28: 11 | U28: 6 | V28: 00 lb | W28: 13800 | X28: 11200 | Y28: 93.33 | Z28: 46.66 | AA28: 6.0-9.0 | AB28: 295000 | AC28: 4 | AG28: 2 | AJ28: Yes | AK28: =IF(N(AG28)>0,"14-50R (50A)",IF(N(AF28)>0,"L14-30R (30A)","None - 120V only")) -> 14-50R (50A) | AL28: =INDEX(Compatibility!$C$2:$C$5,MATCH(AK28,Compatibility!$A$2:$A$5,0)) -> 12000 | AM28: =IF(ISNUMBER(K28),MIN(K28,AL28),"") -> 12000 | AN28: =IF(ISNUMBER(Q28),MIN(Q28,AL28),"") -> 12000 | AO28: =IF(ISNUMBER(X28),MIN(X28,AL28),"") -> 11200 | AP28: =INDEX(Compatibility!$D$2:$D$5,MATCH(AK28,Compatibility!$A$2:$A$5,0)) -> XP50PB, XP50PBN, PB50, PBN50 (50A CS6375 inlet) | AQ28: =INDEX(Compatibility!$E$2:$E$5,MATCH(AK28,Compatibility!$A$2:$A$5,0)) -> XP5015GC, XP5025GC, XP5050GC, PC5020-14, PC5025-14M (14-50P to CS6364) | AR28: =INDEX(Compatibility!$F$2:$F$5,MATCH(AK28,Compatibility!$A$2:$A$5,0)) -> 50A / 10 circuit: R510A (outdoor), A510C, 510C, 510D; 50A / 6 circuit: 506C | AS28: =INDEX(Compatibility!$G$2:$G$5,MATCH(AK28,Compatibility!$A$2:$A$5,0)) -> 50A 2-pole backfeed breaker (panel brand) + GenInterlock kit for panel | AT28: Bonded | AU28: Yes | AV28: =IF(I28<>"Yes","120V only - extension cords / furnace switch",IF(AT28="Floating","Floating neutral: standard 2-pole transfer switch or interlock kit as-is",IF(AT28="Bonded",IF(AU28="Yes","Bonded neutral: have an electrician remove the bond (DuroMax instructions) for 2-pole switch / interlock, or use a neutral-switching (3-pole) switch","Bonded neutral, no unbond instructions published: neutral-switching (3-pole) switch - confirm with DuroMax"),"Neutral not stated - confirm with DuroMax"))) -> Bonded neutral: have an electrician remove the bond (DuroMax instructions) for 2-pole switch / interlock, or use a neutral-switching (3-pole) switch | AW28: "Neutral System Bonded" (manual p.80) | AX28: https://cdn.shopify.com/s/files/1/0613/1168/0689/files/XP16000iHT_manual_revised_04062026_WEB.pdf?v=1789592676 | AY28: https://cdn.shopify.com/s/files/1/0613/1168/0689/files/XP16000iHT_removing_the_bond_instructions_WEB.pdf?v=1744242012 | AZ28: 4-Stroke OHV | BA28: 744 | BC28: Push Button Electric, Remote | BD28: Yes | BE28: 10W-30 | BF28: 50.7 | BG28: Yes | BH28: Yes | BI28: No | BJ28: 120/240V | BK28: 60 | BL28: <3% | BM28: Yes | BN28: 12V AGM (included) | BO28: 10.5 | BP28: 38.3 x 30.8 x 34.4 | BQ28: 368 | BS28: 66.9 | BT28: 5 Year parts and technical service warranty | BU28: Yes | BV28: Yes | BW28: Yes | BX28: Oil funnel, spark plug wrench, tool set, remote control, battery tender, propane regulator, 15-foot x 3/4-inch natural gas hose, owner's manual | BY28: https://www.duromaxpower.com/products/duromax-16-000-watt-tri-fuel-portable-inverter-generator-w-co-alert | BZ28: https://cdn.shopify.com/s/files/1/0613/1168/0689/files/XP16000iHT_001_0486e9a2-b525-4e1d-94ee-788c5508df83.png?v=1749582455 | CA28: Sale $5,299 (compare-at $6,799). In stock. RPM variable/load-dependent. Propane runtime @25% 11/16.5/27.75 hr and @50% 6/9.4/14.5 hr on 40/60/100 lb tanks (40 lb values recorded). Parallel: page says 'Can be paired with another inverter (sold separately) for even more power.' transfer_switch_ready from 'Home Backup Ready Yes' (dual 50A). eco_mode = 'Demand Based Variable Idle'. All-metal construction, cast iron sleeve. Not 50-state compliant.
A29: DuroMax | B29: XP28000iH | C29: 28,000 Watt Dual Fuel Portable Inverter Generator w/ CO Alert | D29: Inverter | E29: Dual Fuel | F29: No | G29: 7499 | H29: In stock | I29: Yes | J29: 28000 | K29: 22000 | L29: 183.3 | M29: 91.66 | N29: 16 | O29: 9 | P29: 25000 | Q29: 20000 | R29: 166.67 | S29: 83.3 | T29: 12 | U29: 6.67 | V29: 00 lb | AC29: 4 | AF29: 1 | AG29: 2 | AJ29: Yes | AK29: =IF(N(AG29)>0,"14-50R (50A)",IF(N(AF29)>0,"L14-30R (30A)","None - 120V only")) -> 14-50R (50A) | AL29: =INDEX(Compatibility!$C$2:$C$5,MATCH(AK29,Compatibility!$A$2:$A$5,0)) -> 12000 | AM29: =IF(ISNUMBER(K29),MIN(K29,AL29),"") -> 12000 | AN29: =IF(ISNUMBER(Q29),MIN(Q29,AL29),"") -> 12000 | AO29: =IF(ISNUMBER(X29),MIN(X29,AL29),"") | AP29: =INDEX(Compatibility!$D$2:$D$5,MATCH(AK29,Compatibility!$A$2:$A$5,0)) -> XP50PB, XP50PBN, PB50, PBN50 (50A CS6375 inlet) | AQ29: =INDEX(Compatibility!$E$2:$E$5,MATCH(AK29,Compatibility!$A$2:$A$5,0)) -> XP5015GC, XP5025GC, XP5050GC, PC5020-14, PC5025-14M (14-50P to CS6364) | AR29: =INDEX(Compatibility!$F$2:$F$5,MATCH(AK29,Compatibility!$A$2:$A$5,0)) -> 50A / 10 circuit: R510A (outdoor), A510C, 510C, 510D; 50A / 6 circuit: 506C | AS29: =INDEX(Compatibility!$G$2:$G$5,MATCH(AK29,Compatibility!$A$2:$A$5,0)) -> 50A 2-pole backfeed breaker (panel brand) + GenInterlock kit for panel | AT29: Bonded | AU29: Yes | AV29: =IF(I29<>"Yes","120V only - extension cords / furnace switch",IF(AT29="Floating","Floating neutral: standard 2-pole transfer switch or interlock kit as-is",IF(AT29="Bonded",IF(AU29="Yes","Bonded neutral: have an electrician remove the bond (DuroMax instructions) for 2-pole switch / interlock, or use a neutral-switching (3-pole) switch","Bonded neutral, no unbond instructions published: neutral-switching (3-pole) switch - confirm with DuroMax"),"Neutral not stated - confirm with DuroMax"))) -> Bonded neutral: have an electrician remove the bond (DuroMax instructions) for 2-pole switch / interlock, or use a neutral-switching (3-pole) switch | AW29: "Neutral System Bonded" (manual p.74) | AX29: https://cdn.shopify.com/s/files/1/0613/1168/0689/files/XP28000iH_manual_revised_07182025_WEB_1.pdf?v=1770937923 | AY29: https://cdn.shopify.com/s/files/1/0613/1168/0689/files/XP28000iH_removing_the_bond_instructions_WEB.pdf?v=1785177004 | AZ29: 4-Stroke OHV | BA29: 999 | BC29: Push Button Electric, Remote | BD29: Yes | BE29: 10W-30 | BF29: 84.5 | BG29: Yes | BH29: Yes | BI29: No | BJ29: 120/240V | BK29: 60 | BL29: <3% | BN29: AGM (included) | BO29: 12.7 | BP29: 39.25 x 31 x 34.5 | BQ29: 466 | BS29: 70 | BT29: 5 Year parts and technical service warranty | BV29: Yes | BW29: Yes | BX29: Propane hose/regulator, oil funnel, spark plug wrench, remote control, battery tender, DC cables, tool set, owner's manual | BY29: https://www.duromaxpower.com/products/duromax-28000-watt-dual-fuel-portable-inverter-generator-w-co-alert | BZ29: https://cdn.shopify.com/s/files/1/0613/1168/0689/files/XP28000iH_001_b58a20f3-15f9-44ab-a670-c8c14c4d7722.png?v=1771883586 | CA29: Sale $7,499 (compare-at $8,999); page shows 'Selling Fast'. 466 lbs reported as dry weight in one fetch and as wet weight in another; recorded as dry, uncertain. RPM variable/load-dependent. Propane runtime @25% 12/18/30 hr and @50% 6.67/10/16.66 hr on 40/60/100 lb tanks (40 lb values). Oil 84.5 fl oz (2.5 L). transfer_switch_ready from two 50A outlets described for interlock/transfer switch use. eco_mode = 'Demand Based Variable Idle'. DC output for 48V/52V battery banks; 2-wire start for solar inverter integration. AVR, parallel not listed.
A30: DuroMax | B30: XP28000iHT | C30: 28,000 Watt Tri Fuel Portable Inverter Generator w/ CO Alert | D30: Inverter | E30: Tri Fuel | F30: No | G30: 7999 | H30: In stock | I30: Yes | J30: 28000 | K30: 22000 | L30: 183.3 | M30: 91.67 | N30: 16 | O30: 9 | P30: 25000 | Q30: 20000 | R30: 166.67 | S30: 83.3 | T30: 12 | U30: 6.67 | V30: 00 lb | W30: 20000 | X30: 16000 | Y30: 133.33 | Z30: 66.67 | AA30: 6.0-9.0 | AB30: 327000 | AC30: 4 | AF30: 1 | AG30: 2 | AJ30: Yes | AK30: =IF(N(AG30)>0,"14-50R (50A)",IF(N(AF30)>0,"L14-30R (30A)","None - 120V only")) -> 14-50R (50A) | AL30: =INDEX(Compatibility!$C$2:$C$5,MATCH(AK30,Compatibility!$A$2:$A$5,0)) -> 12000 | AM30: =IF(ISNUMBER(K30),MIN(K30,AL30),"") -> 12000 | AN30: =IF(ISNUMBER(Q30),MIN(Q30,AL30),"") -> 12000 | AO30: =IF(ISNUMBER(X30),MIN(X30,AL30),"") -> 12000 | AP30: =INDEX(Compatibility!$D$2:$D$5,MATCH(AK30,Compatibility!$A$2:$A$5,0)) -> XP50PB, XP50PBN, PB50, PBN50 (50A CS6375 inlet) | AQ30: =INDEX(Compatibility!$E$2:$E$5,MATCH(AK30,Compatibility!$A$2:$A$5,0)) -> XP5015GC, XP5025GC, XP5050GC, PC5020-14, PC5025-14M (14-50P to CS6364) | AR30: =INDEX(Compatibility!$F$2:$F$5,MATCH(AK30,Compatibility!$A$2:$A$5,0)) -> 50A / 10 circuit: R510A (outdoor), A510C, 510C, 510D; 50A / 6 circuit: 506C | AS30: =INDEX(Compatibility!$G$2:$G$5,MATCH(AK30,Compatibility!$A$2:$A$5,0)) -> 50A 2-pole backfeed breaker (panel brand) + GenInterlock kit for panel | AT30: Bonded | AU30: Yes | AV30: =IF(I30<>"Yes","120V only - extension cords / furnace switch",IF(AT30="Floating","Floating neutral: standard 2-pole transfer switch or interlock kit as-is",IF(AT30="Bonded",IF(AU30="Yes","Bonded neutral: have an electrician remove the bond (DuroMax instructions) for 2-pole switch / interlock, or use a neutral-switching (3-pole) switch","Bonded neutral, no unbond instructions published: neutral-switching (3-pole) switch - confirm with DuroMax"),"Neutral not stated - confirm with DuroMax"))) -> Bonded neutral: have an electrician remove the bond (DuroMax instructions) for 2-pole switch / interlock, or use a neutral-switching (3-pole) switch | AW30: "Neutral System Bonded" (manual p.80) | AX30: https://cdn.shopify.com/s/files/1/0613/1168/0689/files/XP28000iHT_manual_revised_07222025_WEB.pdf?v=1770937923 | AY30: https://cdn.shopify.com/s/files/1/0613/1168/0689/files/XP28000iHT_removing_the_bond_instructions_WEB.pdf?v=1774886017 | AZ30: 4-Stroke OHV | BA30: 999 | BC30: Push Button Electric, Remote | BD30: Yes | BE30: 10W-30 | BF30: 84.5 | BG30: Yes | BH30: Yes | BI30: No | BJ30: 120/240V | BK30: 60 | BL30: <3% | BN30: AGM (included) | BO30: 12.7 | BP30: 39.25 x 31 x 34.5 | BQ30: 466 | BS30: 70 | BT30: 5 Year parts and technical service warranty | BV30: Yes | BW30: Yes | BX30: Propane hose & regulator, 15-foot natural gas hose, oil funnel, spark plug wrench, remote control, battery tender, DC output wires, tool set, owner's manual | BY30: https://www.duromaxpower.com/products/duromax-28000-watt-tri-fuel-portable-inverter-generator-w-co-alert | BZ30: https://cdn.shopify.com/s/files/1/0613/1168/0689/files/XP28000iHT_001_fab890cc-4647-4c3a-92d4-a416477abef5.png?v=1771883392 | CA30: Sale $7,999 (compare-at $9,499); page shows 'Selling Fast'. 466 lbs reported as dry in one fetch and as wet in another; recorded as dry, uncertain. Gas 240V amps shown as 91.67 (dual fuel page shows 91.66). RPM variable. Propane runtime @25% 12/18/30 hr, @50% 6.67/10/16.66 hr on 40/60/100 lb tanks (40 lb values). transfer_switch_ready from two 50A outlets for interlock. eco_mode = 'Demand-based variable idle'. DC output 48V/52V; 2-wire start; digital volt meter and hour meter. AVR, parallel not listed.
A31: DuroStar | B31: DS10000EH | C31: DuroStar 10,000 Watt Dual Fuel Portable Generator | D31: Conventional open frame | E31: Dual Fuel | F31: No | G31: 789 | H31: Amazon exclusive | I31: Yes | J31: 10000 | K31: 8000 | L31: 66.67 | M31: 33.33 | N31: 22 | O31: 10 | P31: 9500 | Q31: 7600 | R31: 63.33 | S31: 31.67 | T31: 17 | U31: 9 | V31: 40 lb | AC31: 2 | AD31: 1 | AE31: 0 | AF31: 1 | AG31: 1 | AH31: 0 | AI31: 1 | AJ31: Yes | AK31: =IF(N(AG31)>0,"14-50R (50A)",IF(N(AF31)>0,"L14-30R (30A)","None - 120V only")) -> 14-50R (50A) | AL31: =INDEX(Compatibility!$C$2:$C$5,MATCH(AK31,Compatibility!$A$2:$A$5,0)) -> 12000 | AM31: =IF(ISNUMBER(K31),MIN(K31,AL31),"") -> 8000 | AN31: =IF(ISNUMBER(Q31),MIN(Q31,AL31),"") -> 7600 | AO31: =IF(ISNUMBER(X31),MIN(X31,AL31),"") | AP31: =INDEX(Compatibility!$D$2:$D$5,MATCH(AK31,Compatibility!$A$2:$A$5,0)) -> XP50PB, XP50PBN, PB50, PBN50 (50A CS6375 inlet) | AQ31: =INDEX(Compatibility!$E$2:$E$5,MATCH(AK31,Compatibility!$A$2:$A$5,0)) -> XP5015GC, XP5025GC, XP5050GC, PC5020-14, PC5025-14M (14-50P to CS6364) | AR31: =INDEX(Compatibility!$F$2:$F$5,MATCH(AK31,Compatibility!$A$2:$A$5,0)) -> 50A / 10 circuit: R510A (outdoor), A510C, 510C, 510D; 50A / 6 circuit: 506C | AS31: =INDEX(Compatibility!$G$2:$G$5,MATCH(AK31,Compatibility!$A$2:$A$5,0)) -> 50A 2-pole backfeed breaker (panel brand) + GenInterlock kit for panel | AT31: Floating | AU31: No | AV31: =IF(I31<>"Yes","120V only - extension cords / furnace switch",IF(AT31="Floating","Floating neutral: standard 2-pole transfer switch or interlock kit as-is",IF(AT31="Bonded",IF(AU31="Yes","Bonded neutral: have an electrician remove the bond (DuroMax instructions) for 2-pole switch / interlock, or use a neutral-switching (3-pole) switch","Bonded neutral, no unbond instructions published: neutral-switching (3-pole) switch - confirm with DuroMax"),"Neutral not stated - confirm with DuroMax"))) -> Floating neutral: standard 2-pole transfer switch or interlock kit as-is | AW31: "Neutral System: Floating" (manual p.68) | AX31: https://cdn.shopify.com/s/files/1/0613/1168/0689/files/DS10000EH_manual_revised07202022_WEB.pdf?v=1658848035 | AZ31: 4-Stroke OHV | BA31: 439 | BB31: 3600 | BC31: Key Switch (Electric/Recoil) | BD31: No | BE31: 10W-30 | BF31: 37.2 | BG31: No | BH31: Yes | BI31: Yes | BJ31: 120/240V | BK31: 60 | BM31: Yes | BN31: 12V SLA (included) | BO31: 8.3 | BP31: 29 L x 30 W x 26 H | BQ31: 220 | BR31: 236 | BS31: 72 | BT31: 3 Year | BV31: Yes | BX31: Oil Funnel, Spark Plug Wrench, Tool Set, Wheel & Handle Kit, DC Charging Cables, Owner's Manual | BY31: https://www.duromaxpower.com/products/durostar-ds10000eh-10000-watt-18-hp-dual-fuel-hybrid-generator-w-electric-start | BZ31: https://cdn.shopify.com/s/files/1/0613/1168/0689/products/DS10000EH_1_f35de996-e39d-4fc3-8ab3-89f4517a375a.png?v=1749582694 | CA31: Compare-at $1,199. Page says 'Available Exclusively At: Amazon' (no stock text on site); JSON variant available=true. CO shutdown not listed (only low-oil shutdown) -> false. THD not listed. 50 State Emissions. Propane hose/regulator included; 40 lb min tank.
A32: DuroStar | B32: DS13000MX | C32: 13,000 Watt Dual Fuel Portable Generator w/ CO Alert | D32: Conventional open frame | E32: Dual Fuel | F32: No | G32: 899 | H32: In stock | I32: Yes | J32: 13000 | K32: 10500 | L32: 87.5 | M32: 43.75 | N32: 17 | O32: 8.5 | P32: 12350 | Q32: 9975 | R32: 83.13 | S32: 41.56 | T32: 13 | U32: 6.5 | V32: 40 lb | AC32: 2 | AD32: 0 | AE32: 0 | AF32: 1 | AG32: 1 | AH32: 0 | AI32: 0 | AJ32: Yes | AK32: =IF(N(AG32)>0,"14-50R (50A)",IF(N(AF32)>0,"L14-30R (30A)","None - 120V only")) -> 14-50R (50A) | AL32: =INDEX(Compatibility!$C$2:$C$5,MATCH(AK32,Compatibility!$A$2:$A$5,0)) -> 12000 | AM32: =IF(ISNUMBER(K32),MIN(K32,AL32),"") -> 10500 | AN32: =IF(ISNUMBER(Q32),MIN(Q32,AL32),"") -> 9975 | AO32: =IF(ISNUMBER(X32),MIN(X32,AL32),"") | AP32: =INDEX(Compatibility!$D$2:$D$5,MATCH(AK32,Compatibility!$A$2:$A$5,0)) -> XP50PB, XP50PBN, PB50, PBN50 (50A CS6375 inlet) | AQ32: =INDEX(Compatibility!$E$2:$E$5,MATCH(AK32,Compatibility!$A$2:$A$5,0)) -> XP5015GC, XP5025GC, XP5050GC, PC5020-14, PC5025-14M (14-50P to CS6364) | AR32: =INDEX(Compatibility!$F$2:$F$5,MATCH(AK32,Compatibility!$A$2:$A$5,0)) -> 50A / 10 circuit: R510A (outdoor), A510C, 510C, 510D; 50A / 6 circuit: 506C | AS32: =INDEX(Compatibility!$G$2:$G$5,MATCH(AK32,Compatibility!$A$2:$A$5,0)) -> 50A 2-pole backfeed breaker (panel brand) + GenInterlock kit for panel | AT32: Bonded | AU32: Yes | AV32: =IF(I32<>"Yes","120V only - extension cords / furnace switch",IF(AT32="Floating","Floating neutral: standard 2-pole transfer switch or interlock kit as-is",IF(AT32="Bonded",IF(AU32="Yes","Bonded neutral: have an electrician remove the bond (DuroMax instructions) for 2-pole switch / interlock, or use a neutral-switching (3-pole) switch","Bonded neutral, no unbond instructions published: neutral-switching (3-pole) switch - confirm with DuroMax"),"Neutral not stated - confirm with DuroMax"))) -> Bonded neutral: have an electrician remove the bond (DuroMax instructions) for 2-pole switch / interlock, or use a neutral-switching (3-pole) switch | AW32: "Neutral System Bonded" (manual p.74) | AX32: https://cdn.shopify.com/s/files/1/0613/1168/0689/files/DS13000MX_manual_rev10172025_WEB.pdf?v=1761163938 | AY32: https://cdn.shopify.com/s/files/1/0613/1168/0689/files/DS13000MX_Remove_Bond_Instructions_WEB.pdf?v=1785788297 | AZ32: 4-Stroke OHV | BA32: 500 | BB32: 3600 | BC32: Push Button/Remote Control (Electric/Recoil) | BD32: Yes | BE32: 10W-30 | BF32: 40.5 | BG32: Yes | BH32: Yes | BI32: No | BJ32: 120/240V | BK32: 60 | BM32: Yes | BN32: 12V SLA (included) | BO32: 8.3 | BP32: 29.75 L x 27.5 W x 25.75 H | BQ32: 209 | BS32: 74 | BT32: 3 Year | BV32: Yes | BX32: Oil funnel, spark plug wrench, tool set, wheel & handle kit, propane regulator, remote control, owner's manual | BY32: https://www.duromaxpower.com/products/ds13000mx-13-000-watt-dual-fuel-portable-generator-w-co-alert | BZ32: https://cdn.shopify.com/s/files/1/0613/1168/0689/files/DS13000MX-Gallery-Hero_1.png?v=1765474767 | CA32: Compare-at $1,199. Not for sale to California. Noise 74 dB @ 50% load. Wet weight and THD not listed. 40 lb min propane tank. Transfer switch-ready 50A outlet.
A33: DuroStar | B33: DS13000MXT | C33: 13,000 Watt Tri Fuel Portable Generator w/ CO Alert | D33: Conventional open frame | E33: Tri Fuel | F33: No | G33: 999 | H33: In stock | I33: Yes | J33: 13000 | K33: 10500 | L33: 87.5 | M33: 43.75 | N33: 17 | O33: 8.5 | P33: 12500 | Q33: 10000 | R33: 83.33 | S33: 41.67 | T33: 13 | U33: 6.5 | V33: 40 lb | W33: 11250 | X33: 9000 | Y33: 75 | Z33: 37.5 | AA33: 6.0-9.0 | AB33: 225000 | AC33: 2 | AD33: 0 | AE33: 0 | AF33: 1 | AG33: 1 | AH33: 0 | AJ33: Yes | AK33: =IF(N(AG33)>0,"14-50R (50A)",IF(N(AF33)>0,"L14-30R (30A)","None - 120V only")) -> 14-50R (50A) | AL33: =INDEX(Compatibility!$C$2:$C$5,MATCH(AK33,Compatibility!$A$2:$A$5,0)) -> 12000 | AM33: =IF(ISNUMBER(K33),MIN(K33,AL33),"") -> 10500 | AN33: =IF(ISNUMBER(Q33),MIN(Q33,AL33),"") -> 10000 | AO33: =IF(ISNUMBER(X33),MIN(X33,AL33),"") -> 9000 | AP33: =INDEX(Compatibility!$D$2:$D$5,MATCH(AK33,Compatibility!$A$2:$A$5,0)) -> XP50PB, XP50PBN, PB50, PBN50 (50A CS6375 inlet) | AQ33: =INDEX(Compatibility!$E$2:$E$5,MATCH(AK33,Compatibility!$A$2:$A$5,0)) -> XP5015GC, XP5025GC, XP5050GC, PC5020-14, PC5025-14M (14-50P to CS6364) | AR33: =INDEX(Compatibility!$F$2:$F$5,MATCH(AK33,Compatibility!$A$2:$A$5,0)) -> 50A / 10 circuit: R510A (outdoor), A510C, 510C, 510D; 50A / 6 circuit: 506C | AS33: =INDEX(Compatibility!$G$2:$G$5,MATCH(AK33,Compatibility!$A$2:$A$5,0)) -> 50A 2-pole backfeed breaker (panel brand) + GenInterlock kit for panel | AT33: Bonded | AU33: No | AV33: =IF(I33<>"Yes","120V only - extension cords / furnace switch",IF(AT33="Floating","Floating neutral: standard 2-pole transfer switch or interlock kit as-is",IF(AT33="Bonded",IF(AU33="Yes","Bonded neutral: have an electrician remove the bond (DuroMax instructions) for 2-pole switch / interlock, or use a neutral-switching (3-pole) switch","Bonded neutral, no unbond instructions published: neutral-switching (3-pole) switch - confirm with DuroMax"),"Neutral not stated - confirm with DuroMax"))) -> Bonded neutral, no unbond instructions published: neutral-switching (3-pole) switch - confirm with DuroMax | AW33: "Neutral System Bonded" (manual p.80) | AX33: https://cdn.shopify.com/s/files/1/0613/1168/0689/files/DS13000MXT_manual_rev11052024_WEB_81498861-c22b-437b-8725-37c4ed71a054.pdf | AZ33: 4-Stroke OHV | BA33: 500 | BB33: 3600 | BC33: Push Button/Remote Control (Electric/Recoil) | BD33: Yes | BE33: 10W-30 | BF33: 40.5 | BG33: Yes | BH33: No | BI33: No | BJ33: 120/240V | BK33: 60 | BM33: Yes | BN33: 12V SLA (included) | BO33: 8.3 | BP33: 30.5 L x 27.3 W x 26 H | BQ33: 211 | BS33: 74 | BT33: 3 Year | BV33: Yes | BX33: Remote control, wheel & handle kit (full list not captured) | BY33: https://www.duromaxpower.com/products/durostar-13-000-watt-tri-fuel-portable-generator-w-co-alert | BZ33: https://cdn.shopify.com/s/files/1/0613/1168/0689/files/DS13000MXT_001_cd0e8fda-3b80-4abb-89c0-8e7e5392f0c9.png?v=1749582393 | CA33: Site lists 'EPA Certified: No' (recorded as stated). Not for sale to California. RPM 3600 +/-100. Noise 74 dB @ 50% load. Wet weight, THD, 12V DC not listed. NG pressure given as range 6.0-9.0 in. WC (string). 40 lb min propane tank.
A34: DuroStar | B34: DS8000iX | C34: 8,000 Watt Dual Fuel Open Frame Digital Inverter Generator | D34: Open frame inverter | E34: Dual Fuel | F34: No | G34: 1299 | H34: In stock | I34: Yes | J34: 8000 | K34: 6500 | L34: 54.17 | M34: 27.08 | N34: 21.5 | O34: 14.5 | P34: 7600 | Q34: 6175 | R34: 51.46 | S34: 25.73 | T34: 17 | U34: 9 | V34: 40 lb | AC34: 4 | AD34: 0 | AE34: 0 | AF34: 1 | AG34: 0 | AH34: 0 | AJ34: Yes | AK34: =IF(N(AG34)>0,"14-50R (50A)",IF(N(AF34)>0,"L14-30R (30A)","None - 120V only")) -> L14-30R (30A) | AL34: =INDEX(Compatibility!$C$2:$C$5,MATCH(AK34,Compatibility!$A$2:$A$5,0)) -> 7200 | AM34: =IF(ISNUMBER(K34),MIN(K34,AL34),"") -> 6500 | AN34: =IF(ISNUMBER(Q34),MIN(Q34,AL34),"") -> 6175 | AO34: =IF(ISNUMBER(X34),MIN(X34,AL34),"") | AP34: =INDEX(Compatibility!$D$2:$D$5,MATCH(AK34,Compatibility!$A$2:$A$5,0)) -> PB30, PBN30 (30A L14-30 inlet) | AQ34: =INDEX(Compatibility!$E$2:$E$5,MATCH(AK34,Compatibility!$A$2:$A$5,0)) -> XP3010GC, XP3025GC, XP3050GC, PC3040 (L14-30P to L14-30R) | AR34: =INDEX(Compatibility!$F$2:$F$5,MATCH(AK34,Compatibility!$A$2:$A$5,0)) -> 30A / 6 circuit: 306A, R306A (outdoor), 306C, 306D, 306CRK (kit); 30A / 10 circuit: 310C, 310D, 310CRK (kit), R310A (outdoor), 310CDKN (kit) | AS34: =INDEX(Compatibility!$G$2:$G$5,MATCH(AK34,Compatibility!$A$2:$A$5,0)) -> 30A 2-pole backfeed breaker (panel brand) + GenInterlock kit for panel | AT34: Bonded | AU34: No | AV34: =IF(I34<>"Yes","120V only - extension cords / furnace switch",IF(AT34="Floating","Floating neutral: standard 2-pole transfer switch or interlock kit as-is",IF(AT34="Bonded",IF(AU34="Yes","Bonded neutral: have an electrician remove the bond (DuroMax instructions) for 2-pole switch / interlock, or use a neutral-switching (3-pole) switch","Bonded neutral, no unbond instructions published: neutral-switching (3-pole) switch - confirm with DuroMax"),"Neutral not stated - confirm with DuroMax"))) -> Bonded neutral, no unbond instructions published: neutral-switching (3-pole) switch - confirm with DuroMax | AW34: "Neutral System Bonded" (manual p.75) | AX34: https://cdn.shopify.com/s/files/1/0613/1168/0689/files/DS8000iX_manual_rev09032026_WEB.pdf?v=1788463634 | AZ34: 4-Stroke OHV | BA34: 322 | BB34: 3600 | BC34: Electric/Recoil (remote) | BD34: Yes | BE34: 10W-30 | BF34: 27 | BG34: Yes | BH34: Yes | BI34: No | BJ34: 120/240V | BK34: 60 | BL34: <3% | BN34: 12V AGM (included) | BO34: 6.6 | BP34: 24 L x 23.25 W x 24.25 H | BQ34: 134 | BS34: 70 | BT34: 3 Year parts and technical service | BW34: Yes | BX34: Oil funnel, spark plug wrench, tool set, wheel & handle kit, battery tender, propane regulator, remote control, owner's manual | BY34: https://www.duromaxpower.com/products/durostar-8-000-watt-dual-fuel-open-frame-digital-inverter-generator | BZ34: https://cdn.shopify.com/s/files/1/0613/1168/0689/files/DS8000iX_001.png?v=1788305729 | CA34: Compare-at $1,599. Noise stated '<70 dB' @ 25% load. 'Demand Based Variable Idle' (eco_mode=true). LP runtimes with 40 lb tank. AVR, wet weight, 12V DC, parallel, transfer-switch not listed. Not for sale to California.
A35: DuroStar | B35: DS14000iX | C35: 14,000 Watt Dual Fuel Open Frame Digital Inverter Generator | D35: Open frame inverter | E35: Dual Fuel | F35: No | G35: 1999 | H35: In stock | I35: Yes | J35: 14000 | K35: 11000 | L35: 91.66 | M35: 45.83 | N35: 23.3 | O35: 12.5 | P35: 13500 | Q35: 10500 | R35: 87.5 | S35: 43.75 | T35: 23.1 | U35: 12 | V35: 60 lb | AC35: 2 | AD35: 0 | AE35: 0 | AF35: 1 | AG35: 1 | AH35: 0 | AJ35: Yes | AK35: =IF(N(AG35)>0,"14-50R (50A)",IF(N(AF35)>0,"L14-30R (30A)","None - 120V only")) -> 14-50R (50A) | AL35: =INDEX(Compatibility!$C$2:$C$5,MATCH(AK35,Compatibility!$A$2:$A$5,0)) -> 12000 | AM35: =IF(ISNUMBER(K35),MIN(K35,AL35),"") -> 11000 | AN35: =IF(ISNUMBER(Q35),MIN(Q35,AL35),"") -> 10500 | AO35: =IF(ISNUMBER(X35),MIN(X35,AL35),"") | AP35: =INDEX(Compatibility!$D$2:$D$5,MATCH(AK35,Compatibility!$A$2:$A$5,0)) -> XP50PB, XP50PBN, PB50, PBN50 (50A CS6375 inlet) | AQ35: =INDEX(Compatibility!$E$2:$E$5,MATCH(AK35,Compatibility!$A$2:$A$5,0)) -> XP5015GC, XP5025GC, XP5050GC, PC5020-14, PC5025-14M (14-50P to CS6364) | AR35: =INDEX(Compatibility!$F$2:$F$5,MATCH(AK35,Compatibility!$A$2:$A$5,0)) -> 50A / 10 circuit: R510A (outdoor), A510C, 510C, 510D; 50A / 6 circuit: 506C | AS35: =INDEX(Compatibility!$G$2:$G$5,MATCH(AK35,Compatibility!$A$2:$A$5,0)) -> 50A 2-pole backfeed breaker (panel brand) + GenInterlock kit for panel | AT35: Bonded | AU35: Yes | AV35: =IF(I35<>"Yes","120V only - extension cords / furnace switch",IF(AT35="Floating","Floating neutral: standard 2-pole transfer switch or interlock kit as-is",IF(AT35="Bonded",IF(AU35="Yes","Bonded neutral: have an electrician remove the bond (DuroMax instructions) for 2-pole switch / interlock, or use a neutral-switching (3-pole) switch","Bonded neutral, no unbond instructions published: neutral-switching (3-pole) switch - confirm with DuroMax"),"Neutral not stated - confirm with DuroMax"))) -> Bonded neutral: have an electrician remove the bond (DuroMax instructions) for 2-pole switch / interlock, or use a neutral-switching (3-pole) switch | AW35: "Neutral System: Bonded" (manual p.75) | AX35: https://cdn.shopify.com/s/files/1/0613/1168/0689/files/DS14000iX_manual_rev07062026_WEB.pdf?v=1783375557 | AY35: https://cdn.shopify.com/s/files/1/0613/1168/0689/files/DS14000iX_removing_the_bond_instructions_WEB.pdf?v=1784323806 | AZ35: 4-Stroke OHV | BA35: 550 | BB35: 3600 | BC35: Electric/Recoil (push button, remote) | BD35: Yes | BE35: 10W-30 | BF35: 50.7 | BG35: Yes | BH35: Yes | BI35: No | BJ35: 120/240V | BK35: 60 | BL35: 3% | BN35: 12V AGM (included) | BO35: 10.6 | BP35: 29.19 L x 23.43 W x 27.17 H | BQ35: 212 | BS35: 74 | BT35: 3 Year parts and technical service | BW35: Yes | BX35: Oil funnel, spark plug wrench, tool set, wheel & handle kit, battery tender cord, propane regulator, DC output wires, remote control, owner's manual | BY35: https://www.duromaxpower.com/products/durostar-14-000-watt-dual-fuel-open-frame-digital-inverter-generator | BZ35: https://cdn.shopify.com/s/files/1/0613/1168/0689/files/DS14000iX_001.png?v=1782863805 | CA35: Compare-at $2,499. Noise stated '<74 dB' @ 25% load. Idle control: 'Demand Based Variable Idle' (eco_mode=true). LP runtimes with 60 lb tank. AVR, wet weight, parallel, transfer-switch not listed. 12V DC outlet not listed though 'DC output wires' included - uncertain. Not for sale to California.

Sheet Compatibility
A1: Generator Outlet (key) | B1: Amps | C1: Max Watts @240V | D1: Inlet Box | E1: Generator Cord | F1: Transfer Switches | G1: Interlock Setup | H1: Notes
A2: 14-50R (50A) | B2: 50 | C2: 12000 | D2: XP50PB, XP50PBN, PB50, PBN50 (50A CS6375 inlet) | E2: XP5015GC, XP5025GC, XP5050GC, PC5020-14, PC5025-14M (14-50P to CS6364) | F2: 50A / 10 circuit: R510A (outdoor), A510C, 510C, 510D; 50A / 6 circuit: 506C | G2: 50A 2-pole backfeed breaker (panel brand) + GenInterlock kit for panel | H2: Article: above 7,200 W use a 10-circuit switch with a 50A inlet.
A3: L14-30R (30A) | B3: 30 | C3: 7200 | D3: PB30, PBN30 (30A L14-30 inlet) | E3: XP3010GC, XP3025GC, XP3050GC, PC3040 (L14-30P to L14-30R) | F3: 30A / 6 circuit: 306A, R306A (outdoor), 306C, 306D, 306CRK (kit); 30A / 10 circuit: 310C, 310D, 310CRK (kit), R310A (outdoor), 310CDKN (kit) | G3: 30A 2-pole backfeed breaker (panel brand) + GenInterlock kit for panel | H3: Article: up to 7,200 W use a 6-circuit switch with a 30A inlet.
A4: L14-20R (20A) | B4: 20 | C4: 4800 | D4: PB20, PBN20 (20A L14-20 inlet) | E4: L14-20 cord (PC3020K kit lists L14-20 / L14-30) | F4: 20A / 6 circuit: 206A, R206A (outdoor) | G4: 20A 2-pole backfeed breaker + GenInterlock kit | H4: No current DuroMax/DuroStar generator in the spec sheet has an L14-20R.
A5: None - 120V only | B5: 0 | C5: 0 | D5: PB31 / PBN31 (L5-30, 120V only) - single-leg, not whole panel | E5: Standard 5-15 / 5-20 extension cords (see Connection Guide gauge table) | F5: TF151W (15A) / TF201W (20A) single-circuit furnace switch only | G5: Not supported - no 240V outlet | H5: Cannot back-feed a split-phase panel. Extension cords or furnace switch only.
A7: How to read: find the generator's largest 240V outlet, then read across for the inlet box, cord and switch/interlock that match. Column A values must match the formula in Generators > Best 240V Outlet.
A8: Sources: installation article (6-circuit/30A up to 7,200 W; 10-circuit/50A above 7,200 W) and each product's inlet/cord spec on duromaxpower.com. Blue = hardcoded inputs.
A9: Neutral: from each owner's manual Specifications table (Generators > Neutral columns). Floating = standard 2-pole switch or interlock as-is. Bonded = remove the bond per DuroMax unbond instructions (electrician) before using a 2-pole switch or interlock, or use a neutral-switching 3-pole switch. None of the Reliance switches sold on the site states neutral switching.

Sheet Transfer Switches
A1: SKU | B1: Brand | C1: Title | D1: Price | E1: In Stock | F1: Type | G1: Location | H1: Enclosure | I1: Amps | J1: Voltage | K1: Circuits | L1: Max Watts | M1: Breakers Included | N1: 240V Circuits | O1: Pole Config | P1: Inlet Required | Q1: Inlet Incl. | R1: Cord Included | S1: Wattmeters | T1: Conduit (ft) | U1: UL | V1: Description | W1: Product URL | X1: Image URL | Y1: Scrape Notes
A2: R510A | B2: Reliance | C2: Reliance R510A 120/240V 50 Amp 10 Circuit Pro/Tran-2 Outdoor Transfer Switch | D2: 579 | E2: Yes | F2: Manual | G2: Outdoor | H2: NEMA 3R | I2: 50 | J2: 120/240V | K2: 10 | L2: 12500 | M2: 6x 15A 1-pole, 2x 20A 1-pole, 1x 20A 2-pole | N2: 1 | O2: Non-defeatable break-before-make double-throw switch per circuit | P2: CS6375 50A | Q2: Yes | S2: Yes | T2: 1.33 | U2: Yes | V2: Pro/Tran 2 load-side manual transfer switch in a gasketed, key-lockable NEMA 3R powder-coated steel cabinet for outdoor installation. Has a factory-installed 50A CS6375 power inlet with flip-lid, color-coded analog wattmeter, and 16-inch liquid-tight non-metallic conduit. Certified to UL 1008 and meets NEC Article 702. | W2: https://www.duromaxpower.com/products/reliance-r510a-120-240v-50-amp-10-circuit-pro-tran-2-outdoor-transfer-switch | X2: https://cdn.shopify.com/s/files/1/0613/1168/0689/files/R510A_1.jpg?v=1749582593 | Y2: Specs: rated 12,500 W, 50 A, 13x12x5 in, 18 lb. 5-year limited warranty. Task example listed CS6365; page states CS6375.
A3: A510C | B3: Reliance | C3: Reliance A510C 120/240-Volt 50-Amp 10-Circuit Pro/Tran 2 Transfer Switch | D3: 559 | E3: Yes | F3: Manual | G3: Indoor | I3: 50 | J3: 120/240V | K3: 10 | L3: 12500 | M3: 6x 15A 1-pole, 1x 20A 2-pole, 1x 30A 2-pole | N3: 2 | O3: Up to 10 single-pole or 5 double-pole circuits | P3: 50A power inlet (Reliance PB50), sold separately | Q3: No | S3: Yes | T3: 1.5 | U3: Yes | V3: Pro/Tran 2 50A load-side manual transfer switch in a powder-coated steel cabinet for indoor installation, with a hinged non-metallic cover and color-coded built-in wattage meter. Includes 18-inch flexible conduit with color-coded factory wires; requires a separately purchased 50A power inlet (PB50). Certified to UL 1008 and meets NEC Article 702. | W3: https://www.duromaxpower.com/products/reliance-a510c-120-240-volt-50-amp-10-circuit-pro-tran-2-transfer-switch | X3: https://cdn.shopify.com/s/files/1/0613/1168/0689/files/A510C_1.jpg?v=1749582601 | Y3: Spec: 'Power Inlet: None'; recommended cord 6 AWG; max combined load 100A @125V / 50A @250V; 11x11.75x4.5 in, 20 lb.
A4: 510D | B4: Reliance | C4: Reliance 510D 120/240-Volt 50-Amp 10-Circuit Pro/Tran Indoor Transfer Switch | D4: 467.3 | E4: Yes | F4: Manual | G4: Indoor | I4: 50 | J4: 120/240V | K4: 10 | L4: 12500 | M4: 6x 15A 1-pole, 2x 20A 1-pole, 1x 20A 2-pole | N4: 1 | O4: Up to 10 single-pole or 5 double-pole circuits; non-defeatable break-before-make double-throw toggles | Q4: No | S4: No | T4: 1.33 | U4: Yes | V4: Prewired Pro/Tran indoor manual transfer switch with non-defeatable double-throw Utility/Generator toggles and 1-inch interchangeable breakers (AFCI/GFCI compatible). Field-reconfigurable for up to two 30A and eight 20A single-pole or five double-pole circuits. UL 1008 listed; no wattmeters. | W4: https://www.duromaxpower.com/products/reliance-510d-120-240-volt-50-amp-10-circuit-pro-tran-indoor-transfer-switch | X4: https://cdn.shopify.com/s/files/1/0613/1168/0689/files/510D__1.jpg?v=1749582601 | Y4: Spec 'Power Inlet: None' (inlet type not stated). Recommended cord 6 AWG. Spec lists max combined load at 250 Vac as 250 (likely typo). 11.25x11.75x4.5 in, 20 lb.
A5: 510C | B5: Reliance | C5: Reliance 510C 120/240-Volt 50-Amp 10-Circuit Pro/Tran 2 Indoor Transfer Switch | D5: 529 | E5: Yes | F5: Manual | G5: Indoor | I5: 50 | J5: 120/240V | K5: 10 | L5: 12500 | M5: 6x 15A 1-pole, 1x 20A 1-pole, 1x 20A 2-pole (as stated) | N5: 1 | O5: Up to 10 single-pole or 5 double-pole circuits | Q5: No | S5: Yes | T5: 1.5 | V5: Pro/Tran 2 indoor surface-mount load-side manual transfer switch with a powder-coated steel cabinet, 1-inch interchangeable breakers (AFCI/GFCI capable, max 1x 30A double-pole) and hinged detachable cover. Supports up to 12,500 running watts with built-in wattmeters. | W5: https://www.duromaxpower.com/products/reliance-510c-120-240-volt-50-amp-10-circuit-pro-tran-2-indoor-transfer-switch | X5: https://cdn.shopify.com/s/files/1/0613/1168/0689/products/510C_1.jpg?v=1749582623 | Y5: Breaker list as stated accounts for only 9 of 10 poles (possibly missing a 20A 1-pole). Conduit: description says 16 in, spec says 18 in (spec used). UL not mentioned on page. 'Power Inlet: None'; 6 AWG cord; 17 lb.
A6: 506C | B6: Reliance | C6: Reliance 506C 120/240-Volt 50-Amp 6-Circuit Pro/Tran Indoor Transfer Switch | D6: 348.1 | E6: Yes | F6: Manual | G6: Indoor | I6: 50 | J6: 120/240V | K6: 6 | L6: 12500 | M6: 2x 15A 1-pole, 2x 20A 1-pole, 1x 20A 2-pole (spec table) | N6: 1 | O6: Up to 6 single-pole or 3 double-pole circuits; non-defeatable break-before-make double-throw toggles | Q6: No | S6: Yes | T6: 1.33 | U6: Yes | V6: Prewired Pro/Tran 50A 6-circuit indoor manual transfer switch with color-coded wattmeters, non-defeatable double-throw toggles and 1-inch interchangeable breakers. Compatible with Siemens, Square D, Eaton/C-H, GE and Murray breakers. UL 1008 listed, NEC Article 702 compliant. | W6: https://www.duromaxpower.com/products/reliance-506c-120-240-volt-50-amp-6-circuit-pro-tran-indoor-transfer-switch | X6: https://cdn.shopify.com/s/files/1/0613/1168/0689/files/506C__1.jpg?v=1749582602 | Y6: Conflict: features say 1x 20A 2-pole + 4x 15A 1-pole; spec table says 2x15A, 2x20A 1-pole, 1x20A 2-pole. Conduit 3/4 in; 6 AWG cord; 11.25x7.75x4.5 in, 17 lb.
A7: 306D | B7: Reliance | C7: Reliance 306D 120/240-Volt 30-Amp 6-Circuit Pro/Tran Indoor Transfer Switch | D7: 303.8 | E7: Yes | F7: Manual | G7: Indoor | I7: 30 | J7: 120/240V | K7: 6 | L7: 7500 | M7: 3x 15A 1-pole, 2x 20A 1-pole, 1x 20A 2-pole (spec table) | N7: 1 | O7: Up to 6 single-pole or 3 double-pole circuits; non-defeatable break-before-make double-throw toggles | Q7: No | S7: No | T7: 1.33 | U7: Yes | V7: Prewired Pro/Tran 30A 6-circuit indoor manual transfer switch with non-defeatable double-throw Utility/Generator toggles and 1-inch interchangeable breakers (AFCI/GFCI compatible). Field-reconfigurable for up to four 20A and two 30A single-pole circuits. UL 1008 listed; no wattmeters. | W7: https://www.duromaxpower.com/products/reliance-306d-120-240-volt-30-amp-6-circuit-pro-tran-indoor-transfer-switch | X7: https://cdn.shopify.com/s/files/1/0613/1168/0689/files/306D__1.jpg?v=1749582605 | Y7: Conflict: features say 2x 15A single-pole; spec says 3. 'Power Inlet: None'; 10 AWG cord; 11.25x7.75x4.5 in, 17 lb.
A8: 306A | B8: Reliance | C8: Reliance 306A 120-240-Volt 30-Amp 6-Circuit Pro/Tran Indoor transfer Switch | D8: 299 | E8: Yes | F8: Manual | G8: Indoor | I8: 30 | J8: 120/240V | K8: 6 | L8: 7500 | M8: 4x 15A 1-pole, 1x 20A 2-pole | N8: 1 | O8: Up to 6 single-pole or 3 double-pole circuits | P8: L14-30 | Q8: Yes | S8: Yes | T8: 1.33 | U8: Yes | V8: Pro/Tran 2 30A 6-circuit indoor manual transfer switch with color-coded built-in wattage meter and hinged non-metallic cover. Allows hardwiring or plug-in connection via an included L14-30 power inlet. Certified to UL 1008 and meets NEC Article 702. | W8: https://www.duromaxpower.com/products/reliance-306a-120-240-volt-30-amp-6-circuit-pro-tran-indoor-transfer-switch | X8: https://cdn.shopify.com/s/files/1/0613/1168/0689/files/306A_1_f4b406a3-e962-4025-a98c-9d2ea1dc9345.jpg?v=1749582607 | Y8: Conduit: features say 18 in, spec says 16 in (spec used). 10 AWG cord; 11.25x7.75x4.5 in.
A9: 310CRK | B9: Reliance | C9: Reliance 310CRK 120/240-Volt 30-Amp 10-Circuit Pro/Tran 2 Transfer Switches | D9: 479 | E9: Yes | F9: Manual | G9: Indoor | I9: 30 | J9: 120/240V | K9: 10 | L9: 7500 | M9: 6x 15A 1-pole, 2x 20A 1-pole, 1x 20A 2-pole (spec table) | N9: 1 | O9: Up to 10 single-pole or 5 double-pole circuits | P9: L14-30 | Q9: Yes | R9: 10 ft 30A power cord | S9: Yes | T9: 1.5 | V9: Kit with a prewired 10-circuit indoor Pro/Tran 2 transfer switch, a 10 ft 30A power cord and an outdoor painted-steel 30A (L14-30) power inlet box. Uses 1-inch breakers that accept GFCI/AFCI and can power one 30A double-pole circuit with a breaker change. | W9: https://www.duromaxpower.com/products/reliance-310crk-120-240-volt-30-amp-10-circuit-pro-tran-2-transfer-switches | X9: https://cdn.shopify.com/s/files/1/0613/1168/0689/files/310CRK_1.jpg?v=1749582603 | Y9: Conflict: features say 2x 20A double-pole + 6x 15A single-pole; spec table lists 6x15A/120V, 2x20A/120V, 1x20A/240V. UL not mentioned. Spec dimension '11 x 1.75 x 4.5' is a typo. 25 lb.
A10: R306A | B10: Reliance | C10: Reliance R306A 120/240-Volt 30-Amp 6-Circuit Pro/Tran Outdoor Transfer Switch | D10: 329 | E10: No | F10: Manual | G10: Outdoor | H10: NEMA 3R | I10: 30 | J10: 120/240V | K10: 6 | L10: 7500 | M10: 4x 15A 1-pole, 1x 20A 2-pole | N10: 1 | O10: Up to 6 single-pole or 3 double-pole circuits; non-defeatable break-before-make double-throw switch | P10: L14-30 | Q10: Yes | S10: Yes | T10: 1.33 | U10: Yes | V10: Pro/Tran 2 30A 6-circuit outdoor manual transfer switch in a gasketed, key-lockable NEMA 3R powder-coated steel cabinet. Factory-installed L14-30 power inlet with flip-lid, color-coded wattmeters, and 16-inch liquid-tight conduit. Certified to UL 1008 and meets NEC Article 702. | W10: https://www.duromaxpower.com/products/reliance-r306a-120-240-volt-30-amp-6-circuit-pro-tran-outdoor-transfer-switch | X10: https://cdn.shopify.com/s/files/1/0613/1168/0689/files/R306A_1.jpg?v=1749582599 | Y10: Currently unavailable (sold out). Conduit length from features (spec omits). 13x8x5 in, 18 lb.
A11: 306CRK | B11: Reliance | C11: Reliance 306CRK Pro/Tran-2 Indoor 6 Circuit Transfer Switch Kit W/ Meters | D11: 349 | E11: Yes | F11: Manual | G11: Indoor | J11: 120/240V | K11: 6 | L11: 7500 | O11: Up to 6 single-pole or 3 double-pole circuits (e.g. one 2-pole + 4 single-pole) | P11: L14-30 | Q11: Yes | R11: PC3010 10 ft 10 AWG L14-30 power cord | S11: Yes | T11: 1.33 | V11: Kit with a 306C six-circuit prewired Pro/Tran 2 transfer switch, a PC3010 10 ft L14-30 power cord and a PB30 outdoor painted-steel L14-30 power inlet box. Installs adjacent to the existing load center and supports generators up to 7,500 W with wattmeters. | W11: https://www.duromaxpower.com/products/reliance-306crk-pro-tran-2-indoor-6-circuit-transfer-switch-kit-w-meters | X11: https://cdn.shopify.com/s/files/1/0613/1168/0689/files/306CRK_1_24ca2a2e-3a56-4bba-9c42-fc022c191a32.jpg?v=1749582605 | Y11: Amp rating not stated explicitly (L14-30 / 30A inlet components; switch is 306C). Included breakers not listed. UL not mentioned. Max rating per circuit 2x30A, 4x20A.
A12: R310A | B12: Reliance | C12: Reliance R310A 120/240-Volt 30-Amp 10-Circuit Pro/Tran Outdoor Transfer Switch | D12: 459 | E12: Yes | F12: Manual | G12: Outdoor | H12: NEMA 3R | I12: 30 | J12: 120/240V | K12: 10 | L12: 7500 | M12: 8x 15A 1-pole, 1x 20A 2-pole | N12: 1 | O12: Up to 10 single-pole or 5 double-pole circuits; non-defeatable break-before-make double-throw switch | P12: L14-30 | Q12: Yes | S12: Yes | T12: 1.33 | U12: Yes | V12: Pro/Tran 2 30A 10-circuit outdoor manual transfer switch in a gasketed, key-lockable NEMA 3R powder-coated steel cabinet. Factory-installed 30A L14-30 power inlet with flip-lid, color-coded analog wattmeters, and 16-inch liquid-tight conduit. Certified to UL 1008 and meets NEC Article 702. | W12: https://www.duromaxpower.com/products/reliance-r310a-120-240-volt-30-amp-10-circuit-pro-tran-outdoor-transfer-switch | X12: https://cdn.shopify.com/s/files/1/0613/1168/0689/files/R310A_1.jpg?v=1749582609 | Y12: Conduit length from features. 13x12x5 in, 25 lb.
A13: TF201W | B13: Reliance | C13: Reliance TF201W 20A Easy/Tran Furnace Transfer Switch - Gray | D13: 114.99 | E13: Yes | F13: Manual | G13: Indoor | I13: 20 | K13: 1 | L13: 2500 | M13: 1x 20A 1-pole | N13: 0 | O13: Single circuit (1 single-pole, 0 double-pole) | P13: NEMA 5-20 | Q13: Yes | S13: No | T13: 1.5 | V13: Easy/Tran single-circuit transfer switch designed to control one load such as a forced-air furnace during a power failure. Pre-wired 18-inch flexible aluminum conduit connects at the breaker panel, furnace or in between; powered from a generator, inverter or other source via a standard grounded extension cord. | W13: https://www.duromaxpower.com/products/reliance-tf201w-20a-easy-tran-furnace-transfer-switch-gray | X13: https://cdn.shopify.com/s/files/1/0613/1168/0689/files/TF201W_1.jpg?v=1749582575 | Y13: Voltage not stated (120V circuit implied by 125 Vac rating). inlet_included inferred from spec 'Power inlet, NEMA 5-20'. Uses standard extension cord (not included). UL not mentioned; 30-day guarantee only listed.
A14: TF151W | B14: Reliance | C14: Reliance TF151W 15A Easy/Tran Furnace Transfer Switch - Gray | D14: 109.99 | E14: Yes | F14: Manual | G14: Indoor | I14: 15 | K14: 1 | L14: 1875 | M14: 1x 15A 1-pole | N14: 0 | O14: Single circuit (1 single-pole, 0 double-pole) | P14: NEMA 5-15 | Q14: Yes | S14: No | T14: 1.5 | V14: Easy/Tran single-circuit transfer switch designed to control one load such as a forced-air furnace during a power failure. Pre-wired 18-inch flexible aluminum conduit connects at the breaker panel, furnace or in between; powered from a generator, inverter or other source via a standard grounded extension cord. | W14: https://www.duromaxpower.com/products/reliance-tf151w-15a-easy-tran-furnace-transfer-switch-gray | X14: https://cdn.shopify.com/s/files/1/0613/1168/0689/files/TF151W_1.jpg?v=1749582575 | Y14: Voltage not stated (120V circuit implied by 125 Vac rating). inlet_included inferred from spec 'Power inlet, NEMA 5-15'. Recommended cord 14 AWG. UL not mentioned.
A15: 310CDKN | B15: Reliance | C15: Reliance 310CDKN 30 Amp 10 Circuit Manual Transfer Switch Kit | D15: 661.2 | E15: Yes | F15: Manual | G15: Indoor | I15: 30 | K15: 10 | L15: 7500 | O15: Up to 10 single-pole or 5 double-pole circuits | P15: PBN30 30A power inlet box (remote) | Q15: Yes | R15: 20 ft 30A power cord | S15: Yes | V15: Kit with a 10-circuit pre-wired indoor manual transfer switch, a 20 ft 30A power cord and a PBN30 30A power inlet box. Runs up to 10 single-pole or 5 double-pole circuits on generators up to 7,500 running watts, with analog wattmeters. | W15: https://www.duromaxpower.com/products/reliance-310cdkn-30-amp-10-circuit-manual-transfer-switch-kit | X15: https://cdn.shopify.com/s/files/1/0613/1168/0689/files/310CDKN_1.jpg?v=1749582597 | Y15: Voltage, breaker complement, conduit length, UL status not stated. Inlet NEMA configuration not stated (spec: 'Remote'). 14x7x5 in, 19 lb.
A16: 310C | B16: Reliance | C16: Reliance 310C 120/240-Volt 30-Amp 10-Circuit Pro/Tran 2 Transfer Switches | D16: 429 | E16: Yes | F16: Manual | G16: Indoor | I16: 30 | J16: 120/240V | K16: 10 | L16: 7500 | O16: Up to 10 single-pole or 5 double-pole circuits; max rating per circuit 2x30A, 8x20A | Q16: No | S16: Yes | T16: 1.5 | V16: Pro/Tran 2 indoor surface-mount load-side manual transfer switch with powder-coated steel cabinet, 1-inch interchangeable breakers (AFCI/GFCI capable, max 1x 30A double-pole) and hinged detachable cover. Supports up to 7,500 running watts with wattmeters. | W16: https://www.duromaxpower.com/products/reliance-310c-120-240-volt-30-amp-10-circuit-pro-tran-2-transfer-switches | X16: https://cdn.shopify.com/s/files/1/0613/1168/0689/files/310C_1.jpg?v=1749582604 | Y16: Included breakers not listed. Conduit: description 16 in, spec 18 in (spec used). Spec 'Cabinet Type: Yes' (indoor per description). 'Power Inlet: None'; 10 AWG cord. UL not mentioned.
A17: 310D | B17: Reliance | C17: Reliance 310D 120/240-Volt 30-Amp 10-Circuit Pro/Tran Indoor Transfer Switch | D17: 463.2 | E17: Yes | F17: Manual | G17: Indoor | H17: NEMA 1R (as stated) | I17: 30 | J17: 120/240V | K17: 10 | L17: 7500 | M17: 6x 15A 1-pole, 2x 20A 2-pole (spec table) | N17: 2 | O17: Up to 10 single-pole or 5 double-pole circuits | S17: Yes | T17: 1.5 | U17: Yes | V17: Pro/Tran 2 30A 10-circuit indoor manual transfer switch with color-coded built-in wattage meter and hinged non-metallic cover. Allows hardwiring or plug-in connection via a power inlet; 18-inch flexible conduit with color-coded wires. UL 1008 compliant and meets NEC Article 702. | W17: https://www.duromaxpower.com/products/reliance-310d-120-240-volt-30-amp-10-circuit-pro-tran-indoor-transfer-switch | X17: https://cdn.shopify.com/s/files/1/0613/1168/0689/files/310D_1.jpg?v=1749582608 | Y17: Spec 'Rated Amps 60/30', 'Max Generator Input 30 Amps'. Enclosure listed as 'NEMA 1R' (unusual; possibly NEMA 1). Inlet type/inclusion not stated. 13 lb.
A18: 306C | B18: Reliance | C18: Reliance 306C 120/240-Volt 30-Amp 6-Circuit Pro/Tran Indoor Transfer Switch | D18: 342.5 | E18: Yes | F18: Manual | G18: Indoor | I18: 30 | J18: 120/240V | K18: 6 | L18: 7500 | O18: Up to 6 single-pole or 3 double-pole circuits; max rating per circuit 2x30A, 4x20A | Q18: No | S18: Yes | T18: 1.33 | V18: Pro/Tran 2 indoor surface-mount manual transfer switch with powder-coated steel cabinet, 1-inch interchangeable breakers (AFCI/GFCI capable, max 1x 30A double-pole) and hinged detachable cover. Supports up to 7,500 running watts with wattmeters and a 16-inch conduit whip. | W18: https://www.duromaxpower.com/products/reliance-306c-120-240-volt-30-amp-6-circuit-pro-tran-indoor-transfer-switch | X18: https://cdn.shopify.com/s/files/1/0613/1168/0689/files/306C_1.jpg?v=1749582606 | Y18: Included breakers not listed. 'Power Inlet: None'; 3/4 in conduit; 10 AWG cord; 11.25x7.75x4.5 in. UL not mentioned.
A19: 206A | B19: Reliance | C19: Reliance 206A 120/240-Volt 20-Amp 6-Circuit Pro/Tran Indoor Transfer Switch | D19: 349.4 | E19: Yes | F19: Manual | G19: Indoor | I19: 20 | J19: 120/240V | K19: 6 | L19: 5000 | M19: 4x 15A 1-pole, 1x 20A 2-pole | N19: 1 | Q19: Yes | S19: Yes | T19: 1.5 | U19: Yes | V19: Pro/Tran 2 20A 6-circuit indoor manual transfer switch with color-coded built-in wattage meter and hinged non-metallic cover. Allows hardwiring or plug-in connection via an included power inlet; 18-inch flexible conduit. Certified to UL 1008 and meets NEC Article 702. | W19: https://www.duromaxpower.com/products/reliance-206a-120-240-volt-20-amp-6-circuit-pro-tran-indoor-transfer-switch | X19: https://cdn.shopify.com/s/files/1/0613/1168/0689/files/206A_1_f2c4f8ec-3b14-4f7a-a48e-1de98757d82e.jpg?v=1749582607 | Y19: Features say power inlet included but its NEMA type is not stated (likely L14-20, unconfirmed). 9 lb.
A20: R206A | B20: Reliance | C20: Reliance R206A 120/240-Volt 20-Amp 6-Circuit Pro/Tran Outdoor Transfer Switch | D20: 390.4 | E20: Yes | F20: Manual | G20: Outdoor | H20: NEMA 3R | I20: 20 | J20: 120/240V | K20: 6 | L20: 5000 | M20: 4x 15A 1-pole, 1x 20A 2-pole | N20: 1 | O20: Non-defeatable break-before-make double-throw switch | P20: L14-20 | Q20: Yes | S20: Yes | T20: 1.33 | U20: Yes | V20: Pro/Tran 2 20A 6-circuit outdoor manual transfer switch in a gasketed, key-lockable NEMA 3R powder-coated steel cabinet. Factory-installed L14-20 power inlet with flip-lid, color-coded wattage meter, and 16-inch liquid-tight conduit. Certified to UL 1008 and meets NEC Article 702. | W20: https://www.duromaxpower.com/products/reliance-r206a-120-240-volt-20-amp-6-circuit-pro-tran-outdoor-transfer-switch | X20: https://cdn.shopify.com/s/files/1/0613/1168/0689/files/R206A_1.jpg?v=1749582600 | Y20: 13x8x5 in, 18 lb.

Sheet Interlock Kits
A1: SKU | B1: Title | C1: Price | D1: In Stock | E1: Panel Brand(s) | F1: Compatible Panels | G1: Main Breaker | H1: Main Breaker Throw | I1: Backfeed Breaker Position | J1: Panel Notes | K1: Includes | L1: Description | M1: Product URL | N1: Image URL | O1: Scrape Notes
A2: GLK-SD-200A | B2: GenInterlock SD-200A Generator Interlock Kit Breaker Panel 150/200 Amp Panels Square D QO and Homeline | C2: 49.95 | D2: Yes | E2: Square D | F2: Square D QO and Homeline 150 and 200 amp panels | G2: 150/200A | H2: Horizontal throw, left (off) to right (on); single handle | I2: Generator (backfeed) breaker position: Top right side 2 positions. Breaker not listed in box contents. | J2: Spacing between bottom of main and first breaker on the right is 1 3/8 in. Fits indoor and outdoor panels with this spacing. | K2: Square D QO and Homeline 150 and 200 Amp Panels interlock kit; Owner's Manual | L2: Interlock kit for Square D QO and Homeline 150/200 amp panels with a single-handle horizontal-throw main breaker. Requires 1 3/8 in spacing between the bottom of the main and the first right-side breaker; fits indoor and outdoor panels. Generator breaker mounts top right (2 positions). | M2: https://www.duromaxpower.com/products/geninterlock-sd-200a-generator-interlock-kit-breaker-panel-150-200-amp-panels-square-d-qo-and-homeline | N2: https://cdn.shopify.com/s/files/1/0613/1168/0689/files/GLK-SD-200A_1_1800x1800-2.png?v=1749582592 | O2: Warranty: 2 Year Limited Factory Warranty; 30 Day Satisfaction Guaranteed. Weight: 1 lbs.
A3: GLK-EAT-PN200 | B3: GenInterlock EAT-PN200 Generator Interlock Kit Breaker Panel 150/200 Amp Panels Cutler Hammer BR Series | C3: 67.95 | D3: Yes | E3: Cutler-Hammer / Eaton | F3: Cutler Hammer BR Series, BR series with Plug in Neutral and CH series with Plug in Neutral 150 & 200 Amp | G3: 150/200A | H3: Horizontal throw, left (on) to right (off); single handle | I3: Generator (backfeed) breaker position: Top right side 2 positions. Breaker not listed in box contents. | J3: 1-1/4 in - 1-1/2 in spacing between main breaker and branch breakers (features list states 1-1/4 in gap). | K3: 150 / 200 Amp Panels Cutler Hammer BR Series interlock kit; Owner's Manual | L3: Cutler-Hammer/Eaton interlock clip for 150/200 amp BR panels, including BR and CH series with plug-in neutral. Main breaker is single-handle horizontal throw with 1-1/4 to 1-1/2 in spacing to branch breakers. Generator breaker mounts top right (2 positions). | M3: https://www.duromaxpower.com/products/geninterlock-eat-pn200-generator-interlock-kit-breaker-panel-150-200-amp-panels-cutler-hammer-br-series | N3: https://cdn.shopify.com/s/files/1/0613/1168/0689/files/GLK-EAT-PN200_1_cc17d7e6-16ed-4bf6-8b4f-0929adbdfe77_1800x1800-2.png?v=1749582591 | O3: Warranty: 2 Year Limited Factory Warranty; 30 Day Satisfaction Guaranteed. Weight: 1 lbs.
A4: GLK-GE-200VL | B4: GenInterlock GE-200VL Generator Interlock Kit Breaker Panel 150/200 Amp Panels General Electric Vertical | C4: 69.95 | D4: Yes | E4: General Electric (GE) | F4: 150 / 200 Amp Panels General Electric GE w/ Vertical Throw | G4: 150/200A (spec table Main Breaker row says 200 amp) | H4: Vertical throw, down (off), up (on); single handle | I4: Generator (backfeed) breaker position: Top left side 2 positions. Breaker not listed in box contents. | J4: 2-1/2 to 3-1/2 in spacing between Main and first breaker. | K4: 150 / 200 Amp Panels General Electric GE w/ Vertical Throw interlock kit; Owner's Manual | L4: Interlock kit for GE 150/200 amp panels with a single-handle vertical-throw main breaker. Requires 2-1/2 to 3-1/2 in spacing between main and first usable breaker; generator breaker top left (2 positions). Replaces the GE-200VA and GE-200XL. | M4: https://www.duromaxpower.com/products/geninterlock-ge-200vl-generator-interlock-kit-breaker-panel-150-200-amp-panels-general-electric-vertical | N4: https://cdn.shopify.com/s/files/1/0613/1168/0689/files/GLK-GE-200VL_1_1800x1800-2.png?v=1749582587 | O4: Replaces models GE-200VA and GE-200XL. Warranty: 2 Year Limited Factory Warranty; 30 Day Satisfaction Guaranteed. Weight: 1 lbs.
A5: GLK-ITE-200A | B5: GenInterlock ITE-200A Generator Interlock Kit Breaker Panel 150/200 Amp Panels Siemens and ITE | C5: 69.95 | D5: Yes | E5: Gould, ITE, Siemens | F5: Gould, ITE, or Siemens 150-200 Amp panels | G5: 150/200A | H5: Vertical throw, up (on) down (off); single handle | I5: Generator (backfeed) breaker position: Top left side 2 positions. Breaker not listed in box contents. | J5: Spacing between the main and first breaker is 1 1/4 in. If 2 1/4 in spacing is required, use Model #SIE-V2. | K5: 150 / 200 Amp Panels Siemens and ITE interlock kit; Owner's Manual | L5: Interlock kit for Gould, ITE and Siemens 150-200 amp panels with a single-handle vertical-throw main breaker. Requires 1 1/4 in spacing between main and first breaker; generator breaker top left (2 positions). | M5: https://www.duromaxpower.com/products/geninterlock-ite-200a-generator-interlock-kit-breaker-panel-150-200-amp-panels-siemens-and-ite | N5: https://cdn.shopify.com/s/files/1/0613/1168/0689/files/GLK-ITE-200A_1_1800x1800-2.png?v=1749582590 | O5: Page refers to Model SIE-V2 for 2 1/4 in spacing; SIE-V2 is not listed in the duromaxpower.com collection. Warranty: 2 Year Limited Factory Warranty; 30 Day Satisfaction Guaranteed. Weight: 1 lbs.
A6: GLK-SD-200VL | B6: GenInterlock SD-200VL Generator Interlock Kit Breaker Panel 150/200 Amp 3-1/4 -4" Square D Vertical Throw | C6: 69.95 | D6: Yes | E6: Square D | F6: 150 / 200 Amp Square D Vertical Throw panels (3-1/4 to 4 in spacing); specific series not stated | G6: 150/200A (features list says 200 amp) | H6: Vertical throw, down (off), up (on); single handle | I6: Generator (backfeed) breaker position: Top right side 2 positions. Breaker not listed in box contents. | J6: Spacing from bottom of main to first breaker 3-1/4 to 4 in. | K6: 150 / 200 Amp 3-1/4 - 4" Square D Vertical Throw interlock kit; Owner's Manual | L6: Interlock kit for Square D 150/200 amp panels with a single-handle vertical-throw main breaker. Requires 3-1/4 to 4 in from bottom of main to first breaker; generator breaker top right (2 positions). | M6: https://www.duromaxpower.com/products/geninterlock-sd-200vl-generator-interlock-kit-breaker-panel-150-200-amp-3-1-4-4-square-d-vertical-throw | N6: https://cdn.shopify.com/s/files/1/0613/1168/0689/files/GLK-SD-200VL_1_1800x1800-2.png?v=1749582585 | O6: Warranty: 2 Year Limited Factory Warranty; 30 Day Satisfaction Guaranteed. Weight: 1 lbs.
A7: GLK-SIE-P2 | B7: GenInterlock SIE-P2 Generator Interlock Kit Breaker Panel 150/200 Amp Panels Siemens and Murray | C7: 69.95 | D7: Yes | E7: Siemens, Murray | F7: 150 / 200 Amp Panels Siemens and Murray; Plug on Neutral and Non Plug on Neutral | G7: 150/200A | H7: Horizontal throw, Right (on) Left (off); single handle | I7: Generator (backfeed) breaker position: Top right side 2 positions. Breaker not listed in box contents. | J7: Fits both 7/8 and 1-1/4 in spacing panels (7/8 to 1-1/4 spacing); Plug on Neutral and Non Plug on Neutral. | K7: 150 / 200 Amp Panels Siemens and Murray interlock kit; Owner's Manual | L7: Interlock kit for Siemens and Murray 150/200 amp panels with a single-handle horizontal-throw main, plug-on-neutral or not. Fits 7/8 to 1-1/4 in spacing; generator breaker top right (2 positions). Replaces the MUR-200A. | M7: https://www.duromaxpower.com/products/geninterlock-sie-p2-generator-interlock-kit-breaker-panel-150-200-amp-panels-siemens-and-murray | N7: https://cdn.shopify.com/s/files/1/0613/1168/0689/files/GLK-SIE-P2_1_1800x1800-2.png?v=1749582589 | O7: Replaces model MUR-200A. Warranty: 2 Year Limited Factory Warranty; 30 Day Satisfaction Guaranteed. Weight: 1 lbs.
A8: GLK-GE-100A | B8: GenInterlock GE-100A Generator Interlock Kit Breaker Panel 100 Amp Panels General Electric GE | C8: 67.95 | D8: Yes | E8: General Electric (GE) | F8: 100 Amp Panels General Electric GE | G8: 100A | H8: Horizontal throw, right (on) left (off); single handle | I8: Generator (backfeed) breaker position: Top right side 2 positions. Breaker not listed in box contents. | J8: 1-3/8 in spacing between main and first row of breakers. | K8: 100 Amp Panels General Electric GE interlock kit; Owner's Manual | L8: Interlock kit for GE 100 amp panels with a single-handle horizontal-throw main breaker. Requires 1-3/8 in spacing between main and first row of breakers; generator breaker top right (2 positions). | M8: https://www.duromaxpower.com/products/geninterlock-ge-100a-generator-interlock-kit-breaker-panel-100-amp-panels-general-electric-ge | N8: https://cdn.shopify.com/s/files/1/0613/1168/0689/files/GLK-GE-100A_1_1800x1800-2.png?v=1749582582 | O8: Warranty: 2 Year Limited Factory Warranty; 30 Day Satisfaction Guaranteed. Weight: 1 lbs.
A9: GLK-EAT-CH200A | B9: GenInterlock EAT-CH200A Generator Interlock Kit Breaker Panel 150/200 Amp CH Panels Eaton/Cutler Hammer | C9: 69.95 | D9: Yes | E9: Eaton / Cutler-Hammer | F9: 150 / 200 Amp CH Series panels made PRIOR to 2019 | G9: 150/200A | H9: Horizontal throw, left (on) to right (off); single handle | I9: Generator (backfeed) breaker position: Top left side 2 positions. Breaker not listed in box contents. | J9: 1-1/2 in gap between bottom of main breaker and top breaker. For CH panels made prior to 2019; does NOT work with the new CH panel with plug-in neutral. | K9: 150 / 200 Amp CH Panels Eaton / Cutler Hammer interlock kit; Owner's Manual | L9: Interlock kit for Eaton/Cutler-Hammer CH series 150/200 amp panels made prior to 2019 with a single-handle horizontal-throw main. Requires a 1-1/2 in gap below the main; not compatible with newer plug-in-neutral CH panels. Generator breaker top left (2 positions). | M9: https://www.duromaxpower.com/products/geninterlock-eat-ch200a-generator-interlock-kit-breaker-panel-150-200-amp-ch-panels-eaton-cutler-hammer | N9: https://cdn.shopify.com/s/files/1/0613/1168/0689/files/GLK-EAT-CH200A_1_1800x1800-2.png?v=1749582588 | O9: For newer CH plug-in-neutral panels, see EAT-PN200. Warranty: 2 Year Limited Factory Warranty; 30 Day Satisfaction Guaranteed. Weight: 1 lbs.
A10: GLK-SD-200SA | B10: GenInterlock SD-200SA Generator Interlock Kit Breaker Panel 150/200 Amp Panels Square D Meter Main Homeline | C10: 64.95 | D10: Yes | E10: Square D | F10: 150 / 200 Amp Square D Meter Main Homeline panels | G10: 150/200A per title; spec table Amp row says 100; main breaker described as 200 Amp | H10: Horizontal throw, left (on) and right (off); 4 handle main breaker | I10: Generator (backfeed) breaker position: Below main. Breaker not listed in box contents. | J10: Meter main (Homeline) panel; 200 Amp horizontal throw 4 handle main breaker. | K10: 150 / 200 Amp Panels Square D Meter Main Homeline interlock kit; Owner's Manual | L10: Interlock kit for Square D Homeline meter-main panels with a 200 amp horizontal-throw 4-handle main breaker. Generator breaker mounts below the main. | M10: https://www.duromaxpower.com/products/geninterlock-sd-200sa-generator-interlock-kit-breaker-panel-150-200-amp-panels-square-d-meter-main-homeline | N10: https://cdn.shopify.com/s/files/1/0613/1168/0689/files/GLK-SD-200SA_1_1800x1800-2.png?v=1749582581 | O10: Amp rating is inconsistent on the page: title says 150/200 Amp, spec table 'Amp' row says 100, main breaker row says 200 Amp. Warranty: 2 Year Limited Factory Warranty; 30 Day Satisfaction Guaranteed. Weight: 1 lbs.
A11: GLK-SIE-P1 | B11: GenInterlock SIE-P1 Generator Interlock Kit Breaker Panel 100 Amp Panels Siemens and Murray | C11: 69.95 | D11: Yes | E11: Siemens, Murray | F11: 100 Amp Panels Siemens and Murray | G11: 100A | H11: Horizontal throw, Left (on) Right (off); single handle | I11: Generator (backfeed) breaker position: Top Left side 2 positions. Breaker not listed in box contents. | J11: Fits both 7/8 and 1 1/4 in spacing panels (7/8 to 1-1/4 between Main and Generator breaker). | K11: 100 Amp Panels Siemens and Murray interlock kit; Owner's Manual | L11: Interlock kit for Siemens and Murray 100 amp panels with a single-handle horizontal-throw main breaker. Fits 7/8 to 1-1/4 in spacing; generator breaker top left (2 positions). Replaces the MUR-100A. | M11: https://www.duromaxpower.com/products/geninterlock-sie-p1-generator-interlock-kit-breaker-panel-100-amp-panels-siemens-and-murray | N11: https://cdn.shopify.com/s/files/1/0613/1168/0689/files/GLK-SIE-P1_1_1800x1800-2.png?v=1749582579 | O11: Replaces model MUR-100A. Warranty: 2 Year Limited Factory Warranty; 30 Day Satisfaction Guaranteed. Weight: 1 lbs.
A12: GLK-GE-200HDA | B12: GenInterlock GE-200HDA Generator Interlock Kit Breaker Panel 150/200 Amp Newer Vertical Main | C12: 69.95 | D12: Yes | E12: General Electric (GE) (brand implied by GE- model prefix; description text says only 'Newer Vertical Main') | F12: 150 / 200 Amp Newer Vertical Main panels | G12: 150/200A | H12: Vertical throw, up (on) down (off); single handle | I12: Generator (backfeed) breaker position: Top left side 2 positions. Breaker not listed in box contents. | J12: Requires 2-1/4 in spacing between main and first (feeder) breaker. | K12: 150 / 200 Amp Newer Vertical Main interlock kit; Owner's Manual | L12: Interlock kit for 150/200 amp panels with a newer-style single-handle vertical-throw main breaker. Requires 2-1/4 in spacing between main and first breaker; generator breaker top left (2 positions). | M12: https://www.duromaxpower.com/products/geninterlock-ge-200hda-generator-interlock-kit-breaker-panel-150-200-amp-newer-vertical-main | N12: https://cdn.shopify.com/s/files/1/0613/1168/0689/files/GLK-GE-200HDA_1_1800x1800-2.png?v=1749582584 | O12: Product text does not name the panel brand explicitly. Warranty: 2 Year Limited Factory Warranty; 30 Day Satisfaction Guaranteed. Weight: 1 lbs.
A13: GLK-EAT-CH200XA | B13: GenInterlock EAT-CH200XA Generator Interlock Kit Breaker Panel 150/200 Amp Panels Eaton / Cutler Hammer | C13: 64.99 | D13: No | E13: Eaton / Cutler-Hammer | F13: Cutler Hammer CH Series 150 & 200 Vertical operated main (Old CH panels) | G13: 150/200A | H13: Vertical throw, up (on) to down (off); single handle | I13: Generator (backfeed) breaker position: Top left side 2 positions. Breaker not listed in box contents. | J13: 2-1/4 in spacing from bottom of main to top left breaker. Old CH panels. | K13: 150 / 200 Amp Panels Eaton / Cutler Hammer Vertical Throw interlock kit; Owner's Manual | L13: Cutler-Hammer/Eaton interlock clip for older CH series 150/200 amp panels with a vertical-operated single-handle main. Requires 2-1/4 in spacing from bottom of main to top left breaker; generator breaker top left (2 positions). | M13: https://www.duromaxpower.com/products/geninterlock-eat-ch200xa-generator-interlock-kit-breaker-panel-150-200-amp-panels-eaton-cutler-hammer | N13: https://cdn.shopify.com/s/files/1/0613/1168/0689/files/GLK-EAT-CH200XA_1_1800x1800-2.png?v=1749582583 | O13: Out of stock at time of capture. Warranty: 2 Year Limited Factory Warranty; 30 Day Satisfaction Guaranteed. Weight: 1 lbs.
A14: GLK-BRY-200A | B14: GenInterlock BRY-200A Generator Interlock Kit Breaker Panel 150/200 Amp Bryant w/ Horizontal Throw | C14: 69.95 | D14: No | E14: Bryant | F14: Bryant Type BJ main breaker 150-200 Amp panels | G14: 150/200A | H14: Horizontal throw (on/off direction not stated) | I14: Generator (backfeed) breaker position: Top left side 2 positions below main. Breaker not listed in box contents. | K14: 150 / 200 Amp Bryant w/ Horizontal Throw interlock kit; Owner's Manual | L14: Interlock kit for Bryant 150-200 amp panels with a Type BJ horizontal-throw main breaker. Generator breaker mounts top left (2 positions) below the main. | M14: https://www.duromaxpower.com/products/geninterlock-bry-200a-generator-interlock-kit-breaker-panel-150-200-amp-bryant-w-horizontal-throw | N14: https://cdn.shopify.com/s/files/1/0613/1168/0689/files/GLK-BRY-200A_1_1800x1800-2.png?v=1749582578 | O14: Out of stock at time of capture. No spacing requirement stated. Warranty: 2 Year Limited Factory Warranty; 30 Day Satisfaction Guaranteed. Weight: 1 lbs.

Sheet Inlet Boxes
A1: SKU | B1: Brand | C1: Title | D1: Price | E1: In Stock | F1: Inlet Type | G1: Amps | H1: Voltage | I1: Max Watts | J1: Enclosure | K1: Mounting | L1: Compatible Cord | M1: Description | N1: Product URL | O1: Image URL | P1: Scrape Notes
A2: XP50PBN | B2: DuroMax | C2: XP50PBN 50-Amp 12,500-Watt Non-Metallic Power Inlet Box | D2: 79.99 | E2: Yes | G2: 50 | H2: 120/240V single-phase | I2: 12500 | J2: Non-metallic; NEMA 3R | K2: Angled mount; four 1/2" and 3/4" knockouts, built-in grounding | L2: 50-Amp 25-Foot 6-Gauge 14-50 power cord (sold separately) | M2: Angled-mount 50A inlet box for whole-home backup; spring-loaded weatherproof auto-closing cover; works with manual transfer switches and interlock kits. | N2: https://www.duromaxpower.com/products/xp50pbn-50-amp-12-500-watt-non-metallic-power-inlet-box | O2: https://cdn.shopify.com/s/files/1/0613/1168/0689/files/XP50PBN_001_2df0e0e5-b144-4699-b03c-db9618aee8ce.png?v=1756395426 | P2: Inlet NEMA configuration not stated on page or in body_html (page only references a '14-50' cord). Dimensions 6.25 W x 4.375 H x 6.25 D; 2.5 lb; UPC 811640017125. Tags: 5 Year Warranty, USAmade.
A3: XP50PB | B3: DuroMax | C3: XP50PB 50-Amp 12,500-Watt 120/240-Volt Metallic Power Inlet Box | D3: 79.99 | E3: Yes | F3: CS6375 | G3: 50 | H3: 125/250VAC (120/240V) | I3: 12500 | J3: Metallic; Outdoor, NEMA 3R | K3: Four 1/2" and 3/4" knockouts, integrated grounding | L3: Connector required: CS6364 | M3: Metallic 50A inlet box connecting a portable generator to a home via manual transfer switch or interlock kit; spring-loaded weatherproof cover. | N3: https://www.duromaxpower.com/products/xp50pb-50-amp-12-500-watt-120-240-volt-metallic-power-inlet-box | O3: https://cdn.shopify.com/s/files/1/0613/1168/0689/files/XP50PB_001_1a282f60-34fc-46f4-823d-525527437f1c.png?v=1756395390 | P3: Dimensions 6 H x 4 W x 2.63 D; UPC 811640017118. Tags: 5 Year Warranty, USAmade.
A4: PBN50 | B4: Reliance | C4: Reliance PBN50 50-Amp 12,500-Watt Non-Metallic Power Inlet Box | D4: 84.99 | E4: Yes | G4: 50 | H4: 120/240V single-phase | I4: 12500 | J4: Non-metallic, high-impact; raintight; indoor/outdoor rated | K4: POP-FAST 3/4" knockout design, 3 openings; slide-out base with 360-degree rotation; flanged cover | M4: Raintight, bug-proof non-metallic 50A inlet box with slide-out base for fast terminal wiring. | N4: https://www.duromaxpower.com/products/reliance-pbn50-50-amp-12-500-watt-non-metallic-power-inlet-box | O4: https://cdn.shopify.com/s/files/1/0613/1168/0689/files/PBN50_1.jpg?v=1749582622 | P4: Inlet NEMA configuration and NEMA 3R rating not explicitly stated. Dimensions 6.25 W x 4.375 H x 6.25 D; 2.5 lb; two-year warranty.
A5: PB50 | B5: Reliance | C5: Reliance PB50 50-Amp 12,500-Watt 120/240-Volt Metallic Power Inlet Box | D5: 74.99 | E5: No | F5: CS6375 | G5: 50 | H5: 125/250VAC (120/240V) | I5: 12500 | J5: Metallic; Outdoor, NEMA 3R | L5: Connector required: CS6364 | M5: Outdoor NEMA 3R 50A metallic inlet box, CS6375 configuration, for generator home backup. | N5: https://www.duromaxpower.com/products/reliance-pb50-50-amp-12-500-watt-120-240-volt-metallic-power-inlet-box | O5: https://cdn.shopify.com/s/files/1/0613/1168/0689/files/PB50_1.jpg?v=1749582610 | P5: Out of stock at fetch time. Dimensions 6 x 4 x 2.63 in (H x W x D).
A6: PB30 | B6: Reliance | C6: Reliance PB30 7,500-Watt 120/240-Volt 30-Amp Non-Metallic Power Inlet Box | D6: 59.99 | E6: Yes | F6: L14-30 | G6: 30 | H6: 125/250VAC (120/240V) | I6: 7500 | J6: Non-metallic (per title); Outdoor, NEMA 3R | M6: Outdoor 30A L14-30 inlet box for generators up to 7,500 running watts. | N6: https://www.duromaxpower.com/products/reliance-pb30-7-500-watt-120-240-volt-30-amp-non-metallic-power-inlet-box | O6: https://cdn.shopify.com/s/files/1/0613/1168/0689/files/PB30_1.jpg?v=1749582613 | P6: Material taken from title only; dimensions 6 x 4 x 2.63 in (same as metallic PB models) so 'non-metallic' may be a title error. 1-year limited warranty.
A7: PBN30 | B7: Reliance | C7: Reliance PBN30 30 Amp NEMA Non-Metallic Power Inlet Box w/ L1430 Configuration | D7: 69.99 | E7: Yes | F7: L14-30 | G7: 30 | H7: 125/250VAC (120/240V) | I7: 7500 | J7: Non-metallic; raintight Outdoor, NEMA 3R | K7: Install outdoors in open area where generator is used | M7: PBN-Series raintight inlet box for Pro/Tran transfer switches, Panel/Link panels and generator-ready load centers; weatherproof spring cover. | N7: https://www.duromaxpower.com/products/reliance-pbn30-30-amp-nema-non-metallic-power-inlet-box-w-l1430-configuration | O7: https://cdn.shopify.com/s/files/1/0613/1168/0689/files/PBN30_1_070795b3-5bf5-4017-a06d-7c5f5c662d06.jpg?v=1749582598 | P7: Description text calls it 'steel' while spec/title say non-metallic (contradiction on page). Max 6 single-pole circuits; 6.25 x 6.25 x 4.25 in; 5-year limited warranty.
A8: PB31 | B8: Reliance | C8: Reliance PB31 3,750-Watt 120V Pro/Tran Generator NEMA 3R Outdoor Power Inlet Box | D8: 44.4 | E8: Yes | F8: L5-30 | G8: 30 | H8: 125VAC (120V single-phase) | I8: 3750 | J8: Zinc-plated (metal); Outdoor, NEMA 3R | K8: Hardwired; push-in wire connections | M8: 120V-only 30A L5-30 inlet box for Reliance transfer switches/panels; weatherproof, rust-resistant zinc-plated construction. | N8: https://www.duromaxpower.com/products/reliance-pb31-3-750-watt-120v-pro-tran-generator-nema-3r-outdoor-power-inlet-box | O8: https://cdn.shopify.com/s/files/1/0613/1168/0689/files/PB31_1.png?v=1749582621 | P8: 120V only (not 240V). 60 Hz; 6 x 4 x 2.63 in; 3 lb; 1-year limited warranty.
A9: PBN31 | B9: Reliance | C9: Reliance PBN31 30 Amp PBN-Series Power Inlet Box w/POP-FAST 3/4" Knockout Design | D9: 86.6 | E9: No | F9: L5-30 | G9: 30 | H9: 125V | K9: POP-FAST 3/4" knockouts; slide-out base 360-degree terminal access; through-bolt mounted with two screws; 100+ cu in wiring space | M9: PBN-Series 30A/125V L5-30 inlet box with water-resistant, bug-proof cover and fast-install knockouts. | N9: https://www.duromaxpower.com/products/reliance-pbn31-30-amp-pbn-series-power-inlet-box-w-pop-fast-3-4-knockout-design | O9: https://cdn.shopify.com/s/files/1/0613/1168/0689/files/PBN31_1.jpg?v=1749582576 | P9: Out of stock at fetch time. Max watts and NEMA enclosure rating not stated. 6.25 x 6.25 x 4.6 in; weight '2'.
A10: PBN20 | B10: Reliance | C10: Reliance PBN20 20 Amp NEMA 3R PBN Series Non-Metallic Power Inlet Box | D10: 48.99 | E10: No | F10: L14-20 | G10: 20 | H10: 125/250VAC (120/240V) | I10: 5000 | J10: Non-metallic; raintight Outdoor, NEMA 3R | K10: Three 3/4" knockouts (sides and back); slide-out base; outdoor install | M10: PBN-Series non-metallic 20A L14-20 inlet box for Pro/Tran switches, Panel/Link panels and generator-ready load centers. | N10: https://www.duromaxpower.com/products/reliance-pbn20-20-amp-nema-3r-pbn-series-non-metallic-power-inlet-box | O10: https://cdn.shopify.com/s/files/1/0613/1168/0689/files/PBN20_1.jpg?v=1749582577 | P10: Sold out at fetch time. 6.25 x 6.25 x 4.25 in.
A11: PB20 | B11: Reliance | C11: Reliance PB20 5,00-Watt 120/240-Volt 20-Amp Non-Metallic Power Inlet Box | D11: 32.1 | E11: Yes | F11: L14-20 | G11: 20 | H11: 125/250VAC (120/240V) | I11: 5000 | J11: Non-metallic (per title); Outdoor, NEMA 3R | M11: Outdoor 20A L14-20 inlet box for generators up to 5,000 running watts. | N11: https://www.duromaxpower.com/products/reliance-pb20-5-00-watt-120-240-volt-20-amp-non-metallic-power-inlet-box | O11: https://cdn.shopify.com/s/files/1/0613/1168/0689/files/PB20_1.jpg?v=1749582617 | P11: Title typo '5,00-Watt' (spec says 5000). Material from title only; 6 x 4 x 2.63 in.

Sheet Cords & Adapters
A1: SKU | B1: Brand | C1: Title | D1: Price | E1: In Stock | F1: Type | G1: Plug End | H1: Connector End | I1: Amps | J1: Voltage | K1: Length (ft) | L1: AWG | M1: Conductors | N1: Jacket | O1: Max Watts | P1: Use Case | Q1: Product URL | R1: Image URL | S1: Scrape Notes
A2: XP5015GC | B2: DuroMax | C2: 50-Amp 15-Foot 6-Gauge 14-50 CS6364 Heavy Duty Generator Power Cord for Home Power Backup | D2: 179.99 | E2: No | F2: Generator power cord | G2: 14-50P | H2: CS6364 | I2: 50 | J2: 240V | K2: 15 | L2: 6 | N2: STW | P2: Home power backup | Q2: https://www.duromaxpower.com/products/duromax-xp5050gc-15-foot-6-gauge-50-amp-generator-power-cord | R2: https://cdn.shopify.com/s/files/1/0613/1168/0689/products/XP5015GC001HERO_61edccfe-e76b-4232-a425-88a91b172321.png?v=1749582783 | S2: Weight 13.19 lb; UPC 811640016517; 1-yr warranty; 100% copper; outdoor rated. Actual handle contains 'xp5050gc-15-foot' (site typo).
A3: XP5025GC | B3: DuroMax | C3: 50-Amp 25-Foot 6-Gauge 14-50 CS6364 Heavy Duty Generator Power Cord for Home Power Backup | D3: 279.99 | E3: Yes | F3: Generator power cord | G3: 14-50P | H3: CS6364 | I3: 50 | J3: 240V | K3: 25 | L3: 6 | N3: STW | P3: Home power backup | Q3: https://www.duromaxpower.com/products/duromax-xp5025gc-25-foot-6-gauge-50-amp-generator-power-cord | R3: https://cdn.shopify.com/s/files/1/0613/1168/0689/products/XP5025GC001HERO_2af7ba1d-5e89-4bcd-947d-f293dcbe23b9.png?v=1749582785 | S3: Weight 20.79 lb; UPC 811640016524; 1-yr warranty; 100% copper; outdoor rated
A4: XP5050GC | B4: DuroMax | C4: 50-Amp 50-Foot 6-Gauge 14-50 CS6364 Heavy Duty Generator Power Cord for Home Power Backup | D4: 449.99 | E4: Yes | F4: Generator power cord | G4: 14-50P | H4: CS6364 | I4: 50 | J4: 240V | K4: 50 | L4: 6 | N4: STW | P4: Home power backup | Q4: https://www.duromaxpower.com/products/duromax-xp5050gc-50-foot-6-gauge-50-amp-generator-power-cord | R4: https://cdn.shopify.com/s/files/1/0613/1168/0689/products/XP5050GC001HERO_84e520e4-e76f-46e7-bb76-410e8b9d90e2.png?v=1749582781 | S4: Weight 40.63 lb; UPC 811640016531; 1-yr warranty; 100% copper; outdoor rated
A5: XP3010GC | B5: DuroMax | C5: 30-Amp 10-Foot 10-Gauge L14-30 Heavy Duty Generator Power Cord for Home Power Backup | D5: 39.99 | E5: Yes | F5: Generator power cord | G5: L14-30P | H5: L14-30R | I5: 30 | J5: 240V | K5: 10 | L5: 10 | N5: SJT | P5: Home power backup | Q5: https://www.duromaxpower.com/products/duromax-xp3010gc-30-amp-10-foot-10-gauge-l14-30-heavy-duty-generator-power-cord-home-power-backup-black | R5: https://cdn.shopify.com/s/files/1/0613/1168/0689/products/XP3010GC001HERO_a316916a-23d2-46fa-b4a6-01a0e5f8df21.png?v=1749582818 | S5: Weight 4.21 lb; UPC 811640016487; UL listed; 1-yr warranty; 100% copper
A6: XP3025GC | B6: DuroMax | C6: 30-Amp 25-Foot 10-Gauge L14-30 Heavy Duty Generator Power Cord for Home Power Backup | D6: 79.99 | E6: Yes | F6: Generator power cord | G6: L14-30P | H6: L14-30R | I6: 30 | J6: 240V | K6: 25 | L6: 10 | N6: SJT | P6: Home power backup | Q6: https://www.duromaxpower.com/products/duromax-xp3025gc-25-foot-10-gauge-30-amp-generator-power-cord | R6: https://cdn.shopify.com/s/files/1/0613/1168/0689/products/XP3025GC001HERO_f3e2451c-7cbb-4584-bf50-5369e18866f8.png?v=1749582817 | S6: Weight 8.36 lb; UPC 811640016494; UL listed; 1-yr warranty; 100% copper
A7: XP3050GC | B7: DuroMax | C7: 30-Amp 50-Foot 10-Gauge L14-30 Heavy Duty Generator Power Cord for Home Power Backup | D7: 149.99 | E7: Yes | F7: Generator power cord | G7: L14-30P | H7: L14-30R | I7: 30 | J7: 240V | K7: 50 | L7: 10 | N7: SJT | P7: Home power backup | Q7: https://www.duromaxpower.com/products/duromax-xp3050gc-50-foot-10-gauge-30-amp-generator-power-cord | R7: https://cdn.shopify.com/s/files/1/0613/1168/0689/products/XP3050GC001HERO_14b396fc-c309-4341-b4dd-2c8602a8abb1.png?v=1749582815 | S7: Weight 15.94 lb; UPC 811640016500; UL listed; 1-yr warranty; 100% copper
A8: XP3030RV | B8: DuroMax | C8: 30-Amp Male to 30-Amp Female 24-Inch Generator RV Adapter | D8: 39.99 | E8: Yes | F8: Adapter | G8: L14-30P | H8: TT-30R | I8: 30 | J8: 120V | K8: 2 | L8: 10 | P8: Generator to RV (standard 30A RVs) | Q8: https://www.duromaxpower.com/products/duromax-xp3030rv-42646-30-to-30-amp-rv-adapter-for-all-standard-30a-rvs | R8: https://cdn.shopify.com/s/files/1/0613/1168/0689/products/XP3030RV__1.jpg?v=1749582816 | S8: Length stated as 24 in. (2 ft); weight 2 lb; UPC 661899116809; 1-yr warranty
A9: AC1522 | B9: Reliance | C9: Reliance AC1522 15A 125V Color Connect Adapter Cord 5-15 Plug L5-20 Connector | D9: 12.99 | E9: No | F9: Adapter | G9: 5-15 | H9: L5-20 | I9: 15 | J9: 125V | L9: 12 | O9: 1850 | P9: Generator or power pedestal to RV, food truck, home, cabin, construction site | Q9: https://www.duromaxpower.com/products/reliance-ac1522-15a-125v-color-connect-adapter-cord-5-15-plug-l5-20-connector | R9: https://cdn.shopify.com/s/files/1/0613/1168/0689/files/AC1522_1.jpg?v=1749582573 | S9: Color Connect: patented color-identifying design, LED lighted female end, watertight molded ends; 30-day satisfaction guarantee
A10: AC1531 | B10: Reliance | C10: Reliance AC1531 15A 125V Color Connect Adapter Cord 5-15 Plug L5-30 Connector | D10: 10.99 | E10: Yes | F10: Adapter | G10: 5-15 | H10: L5-30 | I10: 15 | J10: 125V | L10: 12 | O10: 1850 | P10: Generator or power pedestal to RV, food truck, home, cabin, construction site | Q10: https://www.duromaxpower.com/products/reliance-ac1531-15a-125v-color-connect-adapter-cord-5-15-plug-l5-30-connector | R10: https://cdn.shopify.com/s/files/1/0613/1168/0689/files/AC1531_1.jpg?v=1749582572 | S10: Color Connect: patented color-identifying design, LED lighted female end, watertight molded ends; 30-day satisfaction guarantee
A11: AC30RV | B11: Reliance | C11: Reliance AC30RV 30A 125V Color Connect Adapter Cord L14-30 Plug TT30 Connector | D11: 26.99 | E11: Yes | F11: Adapter | G11: L14-30 | H11: TT-30 | I11: 30 | J11: 125V | L11: 10 | O11: 3750 | P11: Generator or power pedestal to RV, food truck, home, cabin, construction site | Q11: https://www.duromaxpower.com/products/reliance-ac30rv-30a-125v-color-connect-adapter-cord-l14-30-plug-tt30-connector | R11: https://cdn.shopify.com/s/files/1/0613/1168/0689/files/AC30RV_1.jpg?v=1749582572 | S11: Color Connect: patented color-identifying design, LED lighted female end, watertight molded ends; 30-day satisfaction guarantee
A12: AC3130CC | B12: Reliance | C12: Reliance AC3130 30A 125V Color Connect Adapter Cord L5-30 Plug L14-30 Connector | D12: 26.99 | E12: Yes | F12: Adapter | G12: L5-30 | H12: L14-30 | I12: 30 | J12: 125V | Q12: https://www.duromaxpower.com/products/reliance-ac3130-30a-125v-color-connect-adapter-cord-l5-30-plug-l14-30-connector-1 | R12: https://cdn.shopify.com/s/files/1/0613/1168/0689/files/AC3130CC_1.jpg?v=1749582396 | S12: Spec Part # listed as AC3130; 2-year limited warranty; dimensions 3x3x12; ship wt 2 lb. Separate listing from AC3130 (AC3130B).
A13: AC52RV | B13: Reliance | C13: Reliance AC52RV 30A 125V Color Connect Adapter Cord 14-50 Plug TT-30 Connector | D13: 27.99 | E13: No | F13: Adapter | G13: 14-50 | H13: TT-30 | I13: 30 | J13: 125V | L13: 10 | O13: 3750 | P13: Generator or power pedestal to RV, food truck, home, cabin, construction site | Q13: https://www.duromaxpower.com/products/reliance-ac52rv-30a-125v-color-connect-adapter-cord-14-50-plug-tt-30-connector | R13: https://cdn.shopify.com/s/files/1/0613/1168/0689/files/AC52RV_1.jpg?v=1749582571 | S13: Color Connect: patented color-identifying design, LED lighted female end, watertight molded ends; 30-day satisfaction guarantee
A14: AC3130 | B14: Reliance | C14: Reliance AC3130B 30A 125V Color Connect Adapter Cord L5-30 Plug L14-30 Connector | D14: 23.99 | E14: No | F14: Adapter | G14: L5-30 | H14: L14-30 | I14: 30 | J14: 125V | L14: 10 | O14: 3750 | Q14: https://www.duromaxpower.com/products/reliance-ac3130-30a-125v-color-connect-adapter-cord-l5-30-plug-l14-30-connector | R14: https://cdn.shopify.com/s/files/1/0613/1168/0689/files/AC3130_1.jpg?v=1749582571 | S14: Part # AC3130B per spec (variant SKU AC3130); UPC 815181019679; 30-day satisfaction guarantee
A15: ACRV22 | B15: Reliance | C15: Reliance ACRV22 20A 125V Color Connect Adapter Cord TT-30 Plug L5-20 Connector | D15: 21.99 | E15: No | F15: Adapter | G15: TT-30 | H15: L5-20 | I15: 20 | J15: 125V | L15: 12 | O15: 2500 | P15: Generator or power pedestal to RV, food truck, home, cabin, construction site | Q15: https://www.duromaxpower.com/products/reliance-acrv22-20a-125v-color-connect-adapter-cord-tt-30-plug-l5-20-connector | R15: https://cdn.shopify.com/s/files/1/0613/1168/0689/files/ACRV22_1.jpg?v=1749582570 | S15: Color Connect: patented color-identifying design, LED lighted female end, watertight molded ends; 30-day satisfaction guarantee
A16: ACRV52 | B16: Reliance | C16: Reliance ACRV52 30A 125V Color Connect Adapter Cord TT-30 Plug 14-50 Connector | D16: 26.99 | E16: No | F16: Adapter | G16: TT-30 | H16: 14-50 | I16: 30 | J16: 125V | L16: 10 | O16: 3750 | P16: Generator or power pedestal to RV, food truck, home, cabin, construction site | Q16: https://www.duromaxpower.com/products/reliance-acrv52-30a-125v-color-connect-adapter-cord-tt-30-plug-14-50-connector | R16: https://cdn.shopify.com/s/files/1/0613/1168/0689/files/ACRV52_1.jpg?v=1749582569 | S16: Color Connect: patented color-identifying design, LED lighted female end, watertight molded ends; 30-day satisfaction guarantee
A17: AP15RV | B17: Reliance | C17: Reliance AP15RV 15A 125V Color Connect Adapter Cord 5-15 Plug TT-30 Connector | D17: 11.99 | E17: No | F17: Adapter | G17: 5-15 | H17: TT-30 | I17: 15 | J17: 125V | L17: 12 | O17: 1850 | P17: Generator or power pedestal to RV, food truck, home, cabin, construction site | Q17: https://www.duromaxpower.com/products/reliance-ap15rv-15a-125v-color-connect-adapter-cord-5-15-plug-tt-30-connector | R17: https://cdn.shopify.com/s/files/1/0613/1168/0689/files/AP15RV_1.jpg?v=1749582569 | S17: Color Connect: patented color-identifying design, LED lighted female end, watertight molded ends; 30-day satisfaction guarantee
A18: AP31RV | B18: Reliance | C18: Reliance AP31RV 30A 125V Color Connect Adapter Cord L5-30 Plug TT-30 Connector | D18: 12.99 | E18: No | F18: Adapter | G18: L5-30 | H18: TT-30 | I18: 30 | J18: 125V | L18: 10 | O18: 3750 | P18: Generator or power pedestal to RV, food truck, home, cabin, construction site | Q18: https://www.duromaxpower.com/products/reliance-ap31rv-30a-125v-color-connect-adapter-cord-l5-30-plug-tt-30-connector | R18: https://cdn.shopify.com/s/files/1/0613/1168/0689/files/AP31RV_1.jpg?v=1749582568 | S18: Color Connect: patented color-identifying design, LED lighted female end, watertight molded ends; 30-day satisfaction guarantee; CONFLICT: title says 30A but spec table says Amps: 15 (amps set to 30 per title/watts)
A19: L1420P | B19: Reliance | C19: Reliance L1420P 20-Amp Generator Power Cord Plug For Up To 5000 Watt Generators | D19: 11.9 | E19: Yes | F19: Replacement plug (component) | G19: L14-20P | I19: 20 | J19: 120/240VAC | O19: 5000 | P19: Replacement plug for generator power cord | Q19: https://www.duromaxpower.com/products/reliance-l1420p-20-amp-generator-power-cord-plug-for-up-to-5000-watt-generators | R19: https://cdn.shopify.com/s/files/1/0613/1168/0689/files/L1420P__1.jpg?v=1749582618 | S19: Plug only, not a cord; 30-day satisfaction guarantee
A20: L1430P | B20: Reliance | C20: Reliance L1430P 30-Amp Generator Power Cord Plug For Up To 7500 Watt Generators | D20: 13.4 | E20: Yes | F20: Replacement plug (component) | G20: L14-30P | I20: 30 | J20: 120/240VAC | O20: 7500 | P20: Replacement plug for generator power cord | Q20: https://www.duromaxpower.com/products/reliance-l1430p-30-amp-generator-power-cord-plug-for-up-to-7500-watt-generators | R20: https://cdn.shopify.com/s/files/1/0613/1168/0689/files/L1430P__1.jpg?v=1749582614 | S20: Plug only; CONFLICT: site spec says NEMA Configuration L14-20, but model/title indicate 30A L14-30 (plug_end set from model name)
A21: L1430C | B21: Reliance | C21: Reliance L1430C 30-Amp Generator Power Cord Connector For Up To 7500W Generators | D21: 47.3 | E21: No | F21: Replacement connector (component) | H21: L14-30 | I21: 30 | J21: 120/240VAC | O21: 7500 | P21: Replacement connector for generator power cord | Q21: https://www.duromaxpower.com/products/reliance-l1430c-30-amp-generator-power-cord-connector-for-up-to-7500w-generators | R21: https://cdn.shopify.com/s/files/1/0613/1168/0689/files/L1430C__1.jpg?v=1749582616 | S21: Connector only, not a cord; 30-day satisfaction guarantee
A22: 1450P | B22: Reliance | C22: Reliance 1450P 50-Amp Generator Power Cord Connector - Up To 12000 Watt | D22: 25.8 | E22: Yes | F22: Replacement plug (component) | G22: 14-50P | I22: 50 | J22: 120/240VAC | O22: 12000 | P22: Replacement plug for generator power cord | Q22: https://www.duromaxpower.com/products/reliance-1450p-50-amp-generator-power-cord-connector-up-to-12000-watt | R22: https://cdn.shopify.com/s/files/1/0613/1168/0689/files/1450P__1.jpg?v=1749582620 | S22: Component only; title says 'Connector' but model ends in P; site config text 'L14-50 Straight Blade' (contradictory; straight blade = 14-50)
A23: LL550C | B23: Reliance | C23: Reliance LL550C 12,000-Watt 50-Amp Generator Power Cord Plug | D23: 58.6 | E23: Yes | F23: Replacement connector (component) | H23: CS6364 | I23: 50 | J23: 120/240VAC | O23: 12000 | P23: Replacement connector for generator power cord | Q23: https://www.duromaxpower.com/products/reliance-ll550c-12-000-watt-50-amp-generator-power-cord-plug | R23: https://cdn.shopify.com/s/files/1/0613/1168/0689/files/LL550C__1.jpg?v=1749582617 | S23: Title says 'Plug' but box contents say 'Connector'; configuration CS6364
A24: PC3020K | B24: Reliance | C24: Reliance PC3020K 20-Foot 20/30-Amp Outdoor Power Cord Kit | D24: 94.99 | E24: Yes | F24: Generator power cord kit | I24: 30 | J24: 120/240VAC | K24: 20 | O24: 7500 | Q24: https://www.duromaxpower.com/products/reliance-pc3020k-20-foot-20-30-amp-outdoor-power-cord-kit | R24: https://cdn.shopify.com/s/files/1/0613/1168/0689/files/PC3020K_1.jpg?v=1749582619 | S24: NEMA configuration 'L14-20 and L14-30' (20/30A kit; which end is which not stated); max running watts 7,500
A25: PC3040 | B25: Reliance | C25: Reliance PC3040 40-Foot 30-Amp 120/240-Volt Power Cord | D25: 119.99 | E25: Yes | F25: Generator power cord | G25: L14-30P | H25: L14-30R | I25: 30 | J25: 125/250VAC | K25: 40 | O25: 7500 | Q25: https://www.duromaxpower.com/products/reliance-pc3040-40-foot-30-amp-120-240-volt-power-cord | R25: https://cdn.shopify.com/s/files/1/0613/1168/0689/files/PC3040_1.jpg?v=1749582612 | S25: Spec says NEMA Configuration L14-30 (plug/connector P/R suffix inferred from that); title says 120/240V; brand listed as Reliance Controls
A26: PC3050 | B26: Reliance | C26: Reliance PC3050 50-Foot 30-Amp 4-Prong Generator Power Cord | D26: 299 | E26: No | F26: Generator power cord | I26: 30 | J26: 120/240VAC | K26: 50 | M26: 4-prong | O26: 7500 | Q26: https://www.duromaxpower.com/products/reliance-pc3050-50-foot-30-amp-4-prong-generator-power-cord | R26: https://cdn.shopify.com/s/files/1/0613/1168/0689/files/PC3050__1.jpg?v=1749582616 | S26: NEMA configuration not stated (4-prong 30A)
A27: PC3110M | B27: Reliance | C27: Reliance PC3110M 10' 30 Amp 120V 3 Prong Generator Power Cord w/ Molded Ends | D27: 51.6 | E27: No | F27: Generator power cord | G27: L5-30P | H27: L5-30R | I27: 20 | J27: 120VAC | K27: 10 | M27: 3-prong | O27: 4000 | Q27: https://www.duromaxpower.com/products/reliance-pc3110m-10-30-amp-120v-3-prong-generator-power-cord-w-molded-ends | R27: https://cdn.shopify.com/s/files/1/0613/1168/0689/files/PC3110M_1.jpg?v=1749582567 | S27: Config L5-30 (P/R suffix inferred); CONFLICT: title says 30 Amp, spec says max generator input 20A@120VAC (amps set per spec); molded ends
A28: PC3120 | B28: Reliance | C28: Reliance PC3120 20-Foot 30-Amp Generator Power Cord | D28: 110.3 | E28: No | F28: Generator power cord | G28: L5-30P | H28: L5-30R | I28: 20 | J28: 120VAC | K28: 20 | O28: 4000 | Q28: https://www.duromaxpower.com/products/reliance-pc3120-20-foot-30-amp-generator-power-cord | R28: https://cdn.shopify.com/s/files/1/0613/1168/0689/files/PC3120__1.jpg?v=1749582620 | S28: Config L5-30 (P/R suffix inferred); CONFLICT: title says 30-Amp, spec says max generator input 20A@120VAC (amps set per spec)
A29: PC5020-14 | B29: Reliance | C29: Reliance PC5020-14 20-Foot 50-Amp Generator Power Cord | D29: 309.99 | E29: No | F29: Generator power cord | G29: L14-50P | H29: CS6364 | I29: 50 | J29: 120/240VAC | K29: 20 | L29: 6 | M29: 4-wire | O29: 12000 | Q29: https://www.duromaxpower.com/products/reliance-pc5020-14-20-foot-50-amp-generator-power-cord | R29: https://cdn.shopify.com/s/files/1/0613/1168/0689/files/PC5020-14_1.jpg?v=1749582614 | S29: Plug stated as 'L14-50P' verbatim (model -14 suffix suggests NEMA 14-50P; possible site typo); all-weather construction; limited factory warranty
A30: PC5025-14M | B30: Reliance | C30: Reliance PC5025-14M 25-Foot 50-Amp Generator Power Cord | D30: 299 | E30: Yes | F30: Generator power cord | G30: L14-50P | H30: CS6364 | I30: 50 | J30: 120/240VAC | K30: 25 | L30: 6 | M30: 4-wire | O30: 12000 | Q30: https://www.duromaxpower.com/products/reliance-pc5025-14m-25-foot-50-amp-generator-power-cord | R30: https://cdn.shopify.com/s/files/1/0613/1168/0689/files/PC5025-14M_1.jpg?v=1749582578 | S30: Plug stated as 'L14-50P' verbatim (likely NEMA 14-50P; possible site typo); all-weather construction

Sheet Soft Starters (AirGo)
A1: SKU | B1: Title | C1: Price | D1: In Stock | E1: Category | F1: Simulator Use | G1: Key Specs | H1: Relevance to Home Backup | I1: Description | J1: Product URL | K1: Image URL | L1: Scrape Notes
A2: AGO-AirGo16-32A | B2: AirGo 16-32A AC Soft Starter Motor Protection for Utility and/or Generator Power | C2: 249 | D2: Yes | E2: HVAC/AC soft starter | F2: Option on Central AC / Heat Pump: reduce starting watts | G2: Manufacturer: AirGo; Part #: 16-32A; Voltage: 240V; Amps: 32A; Color: White; Warranty: 1-Year Limited; Dimensions: 1.96 x 2.96 x 5.3 in; In box: AirGo AC Soft Starter (16-32A) and Owner's Manual | H2: Reduces central AC compressor start-up current so it can run on a portable generator without stalling. | I2: Soft starter for home AC, cuts start-up current up to 70%; compatible with major HVAC brands. | J2: https://www.duromaxpower.com/products/airgo-16-32a-ac-soft-starter-motor-protection-for-utility-and-or-generator-power | K2: https://cdn.shopify.com/s/files/1/0613/1168/0689/files/AGO-AirGo16-32A_1.jpg?v=1749582389 | L2: Price listed as MSRP; compare_at_price equals price.
A3: AGO-AirGo8-16A | B3: AirGo 8-16A AC Soft Starter Motor Protection for Utility and/or Generator Power | C3: 249 | D3: Yes | E3: HVAC/AC soft starter | F3: Option on Central AC / Heat Pump: reduce starting watts | G3: Manufacturer: AirGo; Part #: 8-16A; Voltage: 240V; Amps: 16A; Color: White; Warranty: 1-Year Limited; Dimensions: 1.96 x 2.96 x 5.3 in; In box: AirGo AC Soft Starter (8-16A) and Owner's Manual | H3: Reduces smaller AC compressor start-up current so it can run on a portable generator without stalling. | I3: Soft starter for smaller home AC units, cuts start-up current up to 70%. | J3: https://www.duromaxpower.com/products/airgo-8-16a-ac-soft-starter-motor-protection-for-utility-and-or-generator-power | K3: https://cdn.shopify.com/s/files/1/0613/1168/0689/files/AGO-AirGo8-16A_1.jpg?v=1749582391 | L3: Price listed as MSRP; compare_at_price equals price.
A4: AGO-AIRGOECKIT-32A | B4: AIRGO EC 32A Soft Start Controller Replacement for Well Pumps | C4: 640 | D4: Yes | E4: Well pump soft start controller | F4: Option on Well Pump (240V, 1-2 HP): reduce starting watts | G4: SKU: AIRGO EC 32A; Voltage: 240V; Applications: 1-2 HP well pumps; Start up: up to 10 starts per hour (evenly distributed); Used On: single-phase, 3-wire systems | H4: Lets a 1-2 HP well pump start on a portable generator by limiting start-up surge. | I4: Soft-start controller (kit, per image name) replacing well-pump control, reduces start-up current up to 70%. | J4: https://www.duromaxpower.com/products/airgo-ec-32a-soft-start-controller-replacement-for-well-pumps | K4: https://cdn.shopify.com/s/files/1/0613/1168/0689/files/AIRGO-EC-Complete-Kit-32A_01.png?v=1783525473 | L4: Description text appears to reuse generic AC soft-starter copy.
A5: AGO-AIRGOG316-32 | B5: AIRGO G3 16–32A Soft Start Controller for HVAC Systems, Up to 7 Ton | C5: 257 | D5: Yes | E5: HVAC/AC soft starter | F5: Option on Central AC / Heat Pump: reduce starting watts | G5: SKU: AIRGO-G3-16-32A; Voltage: 240V; Phase: Single Phase; Current Rating: 16-32 Amps; Max. Operating Temp: up to 131F; Dimensions: 6.5 x 4.5 x 3 in; Weight: 1.1 lb | H5: Reduces start-up surge of AC systems up to 7 tons so they can run on a generator. | I5: Third-gen HVAC soft starter for systems up to 7 tons, up to 70% start-current reduction. | J5: https://www.duromaxpower.com/products/airgo-g3-16-32a-soft-start-controller-for-hvac-systems-up-to-7-ton | K5: https://cdn.shopify.com/s/files/1/0613/1168/0689/files/AIRGO-G3-16-32_01.png?v=1783525257
A6: AGO-AIRGOG38-16 | B6: AIRGO G3 8–16A Soft Start Controller for HVAC Systems, Up to 3 Ton | C6: 257 | D6: Yes | E6: HVAC/AC soft starter | F6: Option on Central AC / Heat Pump: reduce starting watts | G6: SKU: AIRGO-G3-8-16A; Voltage: 240V; Phase: Single Phase; Current Rating: 8-16 Amps; Max. Operating Temp: up to 131F; Dimensions: 6.5 x 4.5 x 3 in; Weight: 1.1 lb | H6: Reduces start-up surge of AC systems up to 3 tons so they can run on a generator. | I6: Third-gen HVAC soft starter for systems up to 3 tons, up to 70% start-current reduction. | J6: https://www.duromaxpower.com/products/airgo-g3-8-16a-soft-start-controller-for-hvac-systems-up-to-3-ton | K6: https://cdn.shopify.com/s/files/1/0613/1168/0689/files/AIRGO-G3-8-16_01.png?v=1783525055
A7: AGO-AIRGONC37 | B7: AIRGO NC37A No-Capacitor Dynamic Drive Controller | C7: 879 | D7: Yes | E7: Motor drive controller / soft starter | F7: General motor soft start (240V motors) | G7: Voltage: 100-240 VAC; Amperage: 37-Amp; Overload Protection: Class 10 motor overload protection; Interface: Modbus/RTU (RS485); Data Retrieval: NFC data download | H7: Controls motor start (no start capacitor) to limit surge when running motors/HVAC on generator power. | I7: 37A no-capacitor dynamic drive controller with motor overload protection and Modbus/NFC; marketed for generator-friendly motor starts. | J7: https://www.duromaxpower.com/products/airgo-nc37a-no-capacitor-dynamic-drive-controller | K7: https://cdn.shopify.com/s/files/1/0613/1168/0689/files/AIRGO-NC37_01.png?v=1783525601 | L7: Description appears to reuse generic AC soft-starter copy; exact target application not stated.
A8: AGO-AIRGOSS25 | B8: AIRGO SS 25A Solid State Soft Start Controller | C8: 339 | D8: Yes | E8: Solid-state soft start controller (DIN rail) | F8: General motor soft start (240V motors) | G8: Voltage: 100-240 VAC; Amperage: 25-Amp; SCCR: 100 kArms (UL508A compliant); Applications: compact DIN rail mount design; Certifications: UL Listed, RoHS Compliant | H8: Limits motor/AC start-up surge so equipment can start on a portable generator. | I8: Compact DIN-rail solid-state 25A soft starter, up to 70% start-current reduction. | J8: https://www.duromaxpower.com/products/airgo-ss-25a-solid-state-soft-start-controller | K8: https://cdn.shopify.com/s/files/1/0613/1168/0689/files/AIRGO-SS25_01.png?v=1783525729 | L8: Description appears to reuse generic AC soft-starter copy.
A9: AGO-CARGO40A | B9: CARGO 40A Level 2 EV Charger for Electric Vehicles | C9: 679 | D9: No | E9: Level 2 EV charger | F9: Not a backup device (Level 2 EV charger load) | G9: Amperage: 40 Amps - Level 2; UL Listed: Yes; ETL Listed: Yes; Energy Star Rated: Yes | H9: Not a backup-power device; EV charging load (no generator relevance stated). | I9: 40A Level 2 home EV charging station sold under the AirGo (CARGO) line. | J9: https://www.duromaxpower.com/products/cargo-40a-level-2-ev-charger-for-electric-vehicles | K9: https://cdn.shopify.com/s/files/1/0613/1168/0689/files/CARGO-40A_01.png?v=1783525905 | L9: Out of stock at fetch time. Voltage not stated.

Sheet Connection Guide
A1: Home Power Backup Installation - summary for app explainer screens
A2: Source: duromaxpower.com/pages/home-power-backup-installation and /pages/geninterlock
A4: Three ways to connect a portable generator
A5: 1. Interlock kit - easiest, most versatile. Uses the existing breaker panel; you choose which circuits to run and can change them anytime.
A6: 2. Transfer switch - a subpanel that moves pre-selected circuits to generator power. Installed by a licensed electrician.
A7: 3. Extension cords - no installation; plug appliances straight into the generator. Put each high-draw appliance on its own cord/outlet.
A9: Interlock kit - how it works
A10: A mechanical slide plate on the panel cover (two plates held by three bolts). Slid down: generator backfeed breaker blocked, main breaker can be on. Slid up: backfeed breaker can be switched on, main breaker is held off.
A11: Why: keeps generator power from back-feeding the utility lines, which can injure line workers or damage equipment.
A12: Choose a kit: (1) panel brand, (2) main breaker size, (3) spacing between main and branch breakers, (4) centered/offset main, (5) vertical or horizontal main breaker throw.
A13: You also need: an inlet box and cord that match the generator's largest outlet, and a 2-pole backfeed breaker sized to the inlet (30A or 50A).
A14: Install steps: main breaker off > remove panel cover (avoid bare wires) > flip cover, align kit, mark holes > drill and mount kit > reinstall cover.
... A32: Wattages are typical estimates; check your appliance nameplate. Connecting a generator to home wiring must be done with an approved transfer switch or interlock kit and installed by a licensed electrician per local code.

Sheet Data Flags
A1: Tab | B1: Item(s) | C1: Issue to verify
A2: Generators | B2: XP13000HXT | C2: Propane amps (79.16 / 39.58) and NG amps (70.83 / 35.42) do not match running watts (10,000 / 9,000). XP13000HX lists 83.13 A for the same propane wattage.
A3: Generators | B3: XP11500EH | C3: Propane 240V amps listed as 45.52; 8,550 W / 240 V = 35.6 A. Likely typo.
A4: Generators | B4: XP15000HXT+ | C4: NG 120V amps listed as 85.5; 10,500 W / 120 V = 87.5 A.
A5: Generators | B5: XP15000HX+ | C5: Gas runtime @50% listed as 10 hr; XP15000HXT+ lists 12 hr.
A6: Generators | B6: XP10000X | C6: Spec table 420cc vs URL 439cc. Sheet uses 420.
A7: Generators | B7: XP7000iH | C7: Pre-Order, ships week of 1/4/2027.
A8: Generators | B8: XP7000iH / XP7000iHT | C8: Only "147 lbs" listed, no dry/wet label.
A9: Generators | B9: XP28000iH / XP28000iHT | C9: 466 lb recorded as dry; page wording ambiguous.
A10: Generators | B10: XP11000iHT | C10: Product weight 258 lb vs 226 lb on XP11000iH.
A11: Generators | B11: XP2300iH | C11: Remote Start: Yes but no electric start or battery listed.
A12: Generators | B12: XP17500HXT | C12: Parallel capability: marketing mentions parallel kits, spec table does not.
... A50: AirGo | B50: CARGO 40A | C50: Level 2 EV charger, not backup-related. Out of stock.
